Participant_ID,Condition,Task_ID,EEG_Alpha,EEG_Beta,EEG_Theta,EEG_Workload_Index,EEG_Engagement_Index,GSR_Peak_Count,GSR_Peak_Amplitude,Heart_Rate_BPM,Valence,Arousal,Pupil_Diameter_mm,Blink_Rate_per_min,Timestamp,Event_Label
P0001,Rest,Task_4,32.06878612427848,22.754764662934083,28.15923278850845,60.475151991693146,,2.0,4.611736634851842,78.64892332771537,-0.32938731729038906,1.8271247938141657,4.6017234887736045,28.0,2024-01-01 00:00:00,Menu
P0002,Game_A,Task_9,53.30654858404688,16.273605289519647,3.400148705449322,57.45976289248041,86.71287123945058,0.0,2.3105870603016316,95.21752809395639,-2.062284805684954,-0.21719032023544627,4.337736574041137,23.0,2024-01-01 00:00:02,Combat
P0003,Game_B,Task_5,46.478165456834105,25.10717670960937,24.635961635596466,62.29822865599867,65.77326894119349,3.0,3.6604447262348163,79.97478660823046,0.4824801911643958,1.9714651758998059,4.630487595065317,25.0,2024-01-01 00:00:04,Combat
P0004,Rest,Task_8,38.19367239833605,22.041582184173013,14.52017609238894,54.709668026677235,63.34993125214592,6.0,5.35669000152323,85.52008757909749,-0.31320159401378617,0.87561376062853,3.928194781570016,19.0,2024-01-01 00:00:06,Loading
P0005,Game_B,Task_4,35.01053456074685,20.33093352189364,20.566397206718946,43.70187077290794,77.22886300597904,8.0,3.69314916977935,71.01703250165014,1.013352910564006,-1.1703628343827832,3.208566531149376,25.0,2024-01-01 00:00:08,Menu
P0006,Rest,,43.315475835007945,18.789507054061314,24.703805938878958,53.00143095395256,131.62849201347285,1.0,23.59762136300191,92.75796457299433,-0.14212003676000035,1.0475170718137057,3.799271711888705,,2024-01-01 00:00:10,Menu
P0007,Game_A,Task_5,44.825923489518146,27.54103469585422,26.538876475932305,32.697204928765196,61.68157179366853,4.0,22.851530601933884,93.030988306252,-0.7284214442430964,1.2333670152870941,4.762449329007951,20.0,2024-01-01 00:00:12,Combat
P0008,Game_B,Task_9,45.35458393759855,12.986573413184768,17.369624979654297,49.351690846945836,67.24399225511183,7.0,4.175966889250839,102.22673731042138,0.12491597995577657,0.7041705607627403,4.1795041263064565,25.0,2024-01-01 00:00:14,Action
P0009,Rest,Task_9,21.477651832803137,26.053349824994488,9.01430548272779,30.363543079376054,57.83499107286524,0.0,7.437222308808251,91.07876674357325,-1.862667835731041,-0.19101663829429696,4.35911538938603,22.0,2024-01-01 00:00:16,Combat
P0010,Rest,Task_1,42.3942369335904,22.93602811242874,19.378257438469337,,56.693872549891196,2.0,16.276263605802693,88.38944179964257,-0.21675871983513828,-0.6003503430508191,4.566732521258337,20.0,2024-01-01 00:00:18,Combat
P0001,Game_A,Task_4,43.81660737047878,19.344445104527015,25.321827583292457,64.64808447233523,76.2285122853824,3.0,9.019494781213718,106.33653830451652,-1.4836552920842125,-0.5708432669748326,4.802918020543669,14.0,2024-01-01 00:00:20,Combat
P0002,,Task_8,31.362314653720524,16.463224438863076,12.558528969276445,60.33101342283612,100.79336500457264,1.0,3.9194102760931857,86.8343890190068,1.142426586842906,1.8965683095984625,4.942031972224929,16.0,2024-01-01 00:00:22,Combat
P0003,Rest,Task_9,64.84510915651654,29.27880265100029,17.969841609368295,87.66498419625529,112.96901238753853,2.0,8.669209782198822,89.18381390292335,-0.4041910298030201,0.7224101550948014,4.433039356579469,24.0,2024-01-01 00:00:24,Action
P0004,Game_B,Task_8,34.908865647512755,23.762383482128794,19.70258956694758,60.80135921100481,80.14874083151835,5.0,3.0928383131509145,102.39355585125719,,-0.43155113863468564,3.214366521415296,27.0,2024-01-01 00:00:26,Combat
P0005,Game_A,Task_3,39.2404050937935,19.845961166763058,24.986035180793454,36.45986935025782,85.64901298810571,4.0,5.696890037629873,85.72799739737349,0.05207692008640338,0.4451733126985132,4.06613812329469,26.0,2024-01-01 00:00:28,
P0006,Rest,Task_2,42.5814435562308,14.955071388207369,31.756852930816645,60.66242574494142,55.170608540718206,8.0,7.091133186684898,70.16103461743178,-0.07892182590644096,0.819687586445195,,23.0,2024-01-01 00:00:30,Combat
P0007,Rest,Task_4,44.12152531880414,18.478225205154676,19.059554028596256,53.67722302634711,89.41088300929378,7.0,6.7580936936627545,89.49159307451802,0.20652704304001251,,5.03183240058192,18.0,2024-01-01 00:00:32,Combat
P0008,Rest,Task_3,40.82675619480446,21.499262128247615,15.640001135802105,68.62415618676802,63.28269822185448,2.0,5.666498096254271,99.17152334450668,0.2712419874761123,0.3953078310434188,5.538459963434437,20.0,2024-01-01 00:00:34,Cutscene
P0009,Game_A,Task_8,34.38615951202707,14.982257412108847,22.958891844684455,34.41467690069011,63.16961651760048,,2.5024865679470167,78.95082975034319,-0.15751395675606195,-0.38682293921284683,4.567541568379887,16.0,2024-01-01 00:00:36,Cutscene
P0010,Game_A,Task_8,42.258830173851024,23.326834136949135,,45.8381238485034,95.37052664381581,2.0,5.278088056454352,77.35636150967838,-1.2971337351696652,0.8586809009572902,5.700507986890926,18.0,2024-01-01 00:00:38,Combat
P0001,Rest,Task_2,53.366919532748,12.966831989596479,24.931611939190574,57.5100121585635,88.09937556084262,4.0,4.527986228939514,85.63949935253389,0.45719345355964547,1.264618097661841,4.088173142875816,26.0,2024-01-01 00:00:40,Menu
P0002,Game_B,Task_3,26.212869610799515,22.16165761913831,28.076376725337795,32.81954226054518,54.25671376954436,6.0,11.47890201835209,64.50239382821675,0.10479014978564384,-0.32818150375533883,5.054476996731419,15.0,2024-01-01 00:00:42,Cutscene
P0003,Game_B,Task_1,37.32995120992317,20.30720615459725,16.758058236870337,35.063249210353426,54.76409084744684,3.0,3.9634341376368702,98.60748316679083,1.099909547616103,-1.2871502832464188,3.275045752714674,25.0,2024-01-01 00:00:44,Combat
P0004,Rest,Task_4,32.21376044185349,18.419154505730962,17.813742794438568,84.69842684658408,102.52462236659122,3.0,5.021122665911226,97.8947553831993,1.2012642842195655,1.7885559211963653,6.0851035168954555,24.0,2024-01-01 00:00:46,Action
P0005,Game_A,Task_7,45.27283077009048,18.848119220796242,17.659805319538616,44.44796912555681,,2.0,27.87661893081466,91.45821632923841,1.007568892929775,-0.2875229881933782,5.057865415950126,15.0,2024-01-01 00:00:48,Menu
P0006,Rest,Task_8,41.99656356582433,22.506794554363648,13.876189430259277,58.97057377581522,103.7237155914585,7.0,8.719424979422556,102.59654042451463,2.213372837371928,1.0328129633368566,5.949652445459279,16.0,2024-01-01 00:00:50,Action
P0007,Rest,Task_1,52.42762240445279,22.83978397734844,18.934546071168096,40.29122916717045,68.82758187692974,4.0,5.131096725719489,72.38695751194645,0.31601076279757007,-1.8418026653289237,5.3503990337946785,21.0,2024-01-01 00:00:52,Action
P0008,Game_B,Task_5,,20.27568780763339,19.434983242380174,28.87026905111251,59.248686477269764,3.0,6.153675184219307,99.01738936347903,0.6911837180824494,-0.8804047436365321,5.772260523015497,28.0,2024-01-01 00:00:54,Action
P0009,Game_B,Task_2,50.05870842189621,33.994794706565756,7.660252560601757,58.67888909323641,118.54263060361438,4.0,3.1403043549813443,115.19121893656902,1.9628108015930739,0.18458259174327551,5.123874312767296,19.0,2024-01-01 00:00:56,Loading
P0010,Game_B,Task_6,35.39289942261165,21.230951337572595,15.998970071032733,,80.33681057754147,2.0,2.8092214914067277,77.37005355062846,-0.19819053804977327,0.06398052057838075,4.225844093821161,18.0,2024-01-01 00:00:58,Menu
P0001,Rest,Task_7,38.12957683034588,30.970356202722762,5.483570921606529,42.89287974725929,43.04714203946769,4.0,,77.47424163595885,0.2984216143870656,-0.6580709604440963,5.135534883133093,26.0,2024-01-01 00:01:00,Cutscene
P0002,Game_A,Task_8,,13.025023503340169,19.39212981394052,37.90893691713746,101.25167647610826,0.0,3.979601390182023,83.10361414487244,-1.0310626235128955,-2.0040407364641304,4.293919989233189,25.0,2024-01-01 00:01:02,Cutscene
P0003,Game_A,Task_7,60.12225921597437,25.568348046654958,,61.37971756447987,124.52852179210473,2.0,7.195771223440278,85.5708411851714,-0.8549852840909441,,4.9547489234434705,18.0,2024-01-01 00:01:04,Loading
P0004,Rest,Task_1,43.81601146260998,9.359962012023171,30.673012292843723,46.006365267987086,,0.0,3.3098158958353086,81.89947478076816,-0.5969888826230578,-0.2376763090671807,4.278116233552414,31.0,,Cutscene
P0005,Game_A,Task_7,62.53235561958817,25.17903385450093,25.08436746351017,59.715429246385895,,,4.906012239501352,98.34839477518084,-1.2647135720368323,0.057998669197581065,3.8860242290484845,23.0,2024-01-01 00:01:08,Menu
P0006,Game_B,Task_4,45.667812676529635,18.238143292343466,24.295992142818992,75.74467717316945,115.8466396308612,3.0,7.52989418193204,111.4502084248505,0.10192288269907947,0.20229855797476598,4.308933936180033,27.0,2024-01-01 00:01:10,Loading
P0007,Game_B,Task_5,33.962370850008355,21.209031042977163,22.004803497512604,54.680399187188755,87.82403716007646,1.0,5.1192375374858345,109.47186281472835,-0.07074021245620885,0.9705147559693755,5.177827308107374,21.0,2024-01-01 00:01:12,Action
P0008,Rest,Task_1,38.48153303226736,20.899178373112438,26.855990231115904,65.1638323714066,86.52294708302671,5.0,26.715774067642084,89.82417902649972,0.19197215522955724,-0.3477519034985476,3.893023250635188,13.0,2024-01-01 00:01:14,Cutscene
P0009,Game_A,Task_5,56.56613371005333,6.024020732442053,25.92401100699099,38.700613005540596,,3.0,3.568966547866789,108.40529873043623,0.2855525129554016,-0.26341168407285787,3.5291133577936993,17.0,2024-01-01 00:01:16,Action
P0010,Game_A,Task_3,35.50262774941135,23.34234369700248,21.06036185261108,61.29153568383004,73.67977379760853,1.0,2.844623815236984,89.88524541855023,0.9346702484905326,-0.11251434977814563,3.479674999489457,28.0,2024-01-01 00:01:18,Menu
P0001,Rest,Task_3,40.591168705840374,14.060466772591496,29.394079974720437,66.15059749432267,99.71783908735505,1.0,13.038703546158809,76.58920448326404,-0.5778218613071398,0.412421166445926,4.688673062539226,20.0,2024-01-01 00:01:20,Action
P0002,Game_A,Task_8,45.53833474126836,15.516569495256576,26.05309630615736,22.500696732687054,88.31677453465304,1.0,8.782347777927276,82.8814030772097,-0.4964426562701546,-1.3136251293550862,3.4655347437093034,21.0,2024-01-01 00:01:22,Combat
P0003,,Task_5,37.4718245405465,26.526459980603928,21.56249850722929,49.10105682340463,92.09702054179084,1.0,2.6926103406388653,105.65046969940886,-0.2876634575202656,0.30557424570623765,,25.0,2024-01-01 00:01:24,Loading
P0004,Game_B,Task_8,35.5746315574669,16.08218311561597,20.133467679128948,49.63555877003992,98.94460227522524,1.0,4.714627662363767,88.93925901018125,0.12541278416547244,-0.0011458955927994105,4.139790179652845,28.0,2024-01-01 00:01:26,Combat
,Rest,,32.13119844800797,25.96012367891756,17.229974113259093,67.33617066743011,50.964594474695446,3.0,3.9327894993384147,93.03912917738066,0.7731921467724252,-0.20781592031976642,3.7000151098394554,28.0,2024-01-01 00:01:28,Menu
P0006,Rest,Task_9,54.35476813906338,23.73252819497958,16.874656139324685,39.80803574659462,86.85208939035277,3.0,10.112186342879843,70.68789230501886,0.7206423251306548,0.34784106498491707,4.3302090359669,28.0,2024-01-01 00:01:30,Combat
P0007,Game_B,Task_2,22.435455016431906,29.19558246331218,16.257660944401167,47.06236743413555,,2.0,8.369160403589644,69.92107658668895,-0.637817868063251,,6.478476399795461,22.0,2024-01-01 00:01:32,Cutscene
P0008,Game_A,Task_8,47.540563735782015,23.20361708623889,12.180802179321429,54.725554997349654,110.28228012342696,3.0,7.201808215004938,97.17899936434824,-2.3873697431797147,0.4332504897209486,4.94401038748042,21.0,2024-01-01 00:01:34,Loading
P0009,Game_B,Task_9,31.600567366882323,23.210553627342044,11.845979039378491,52.729477828699544,69.24260856450445,2.0,8.369298276583773,76.68901098668542,-2.386548207381047,0.4951320568738543,4.790357126219248,15.0,2024-01-01 00:01:36,Menu
P0010,Rest,Task_1,39.928509104616666,12.381194259558084,9.504145305126961,50.643529535074634,60.333323083005965,1.0,7.2884445109629015,86.03277536459224,-0.3833456306736632,1.3782424567973584,4.847002044396368,25.0,2024-01-01 00:01:38,Cutscene
P0001,Game_A,Task_5,55.247519460072134,33.393558446804974,16.52482008301466,72.9237136785555,95.5061385583568,1.0,3.7596986721646033,98.82920912352711,-0.9346699591251015,0.5617754257881958,4.601172833102718,18.0,2024-01-01 00:01:40,Menu
P0002,,Task_8,30.254772816981742,16.663285766663332,27.607348586706756,44.735414843382486,85.82697060775777,1.0,2.8938846856702076,50.0,0.0875239857258198,1.720193542821794,5.218188607853948,13.0,2024-01-01 00:01:42,Action
P0003,Game_B,Task_9,30.238226066412086,11.891951801757132,17.05105942518687,42.861333260079185,51.003505148592055,5.0,10.017260778966667,79.32768425995125,-0.5670771745730352,1.842942999992999,4.221034856735388,23.0,2024-01-01 00:01:44,Action
P0004,Game_B,Task_8,45.00332247731292,5.759646391136105,24.51579359487419,69.65437024634895,102.21158989615583,2.0,5.173723085674063,78.191145715825,0.24407692780956175,0.1624283433267877,5.049682098001038,25.0,2024-01-01 00:01:46,Action
P0005,Game_B,Task_3,51.50645046783987,18.10307526501916,14.941001622709813,71.10115836800946,97.01571126478613,5.0,9.514074059101148,90.77327251502058,0.6098232389196071,-0.9040182470008559,4.526164355839649,20.0,2024-01-01 00:01:48,Menu
P0006,Game_B,Task_6,50.21825923142184,12.64388842617999,10.784028964124218,56.46472619775472,78.99292845922514,2.0,5.872927577751422,97.35936336507106,-0.7198776444323068,1.0182655167882961,3.996390761479063,21.0,2024-01-01 00:01:50,Action
P0007,Rest,Task_5,39.62040552223333,19.844067065834775,20.828089272207055,75.17124037838477,75.48503551039734,4.0,4.50177502694004,101.50365330252265,1.0587061920151746,0.22873029026962355,4.593359651021611,21.0,2024-01-01 00:01:52,Menu
P0008,Game_A,Task_2,46.29686738001637,18.017815255530408,12.735727621433053,58.062579539100525,90.84324723160985,6.0,25.291466164646298,97.62379990920608,0.7318957701570272,,5.353461821191546,27.0,2024-01-01 00:01:54,Cutscene
P0009,Game_A,Task_5,39.884530006371264,14.57036780362955,15.408982588500919,53.71660136109625,65.33574553002055,5.0,4.825764078900357,76.70365260972893,0.43995036648383645,0.10133916475128171,3.7618516073263732,18.0,2024-01-01 00:01:56,Loading
P0010,Game_B,Task_7,26.684934500176396,24.714041018318653,26.648655154301956,43.51751684183579,93.74908260718016,2.0,10.320773317223612,71.52015649241575,-0.5323816257831219,-1.0587303850274572,4.430599475145754,21.0,2024-01-01 00:01:58,Action
P0001,Game_A,Task_2,54.93812342357171,21.819673919477083,24.1094111819978,70.94485159971671,95.52629264421954,2.0,4.714845084022405,90.53542272027713,0.8814331957852413,0.9079518333645948,4.202829397220971,9.0,,Menu
P0002,Game_B,Task_1,47.712556385538534,22.864621762122773,7.633106327636301,58.62156121871739,87.240944505702,2.0,8.260463752474331,84.17657767954272,-0.7501473144866851,3.0712972002855956,5.791478495033143,19.0,2024-01-01 00:02:02,Menu
P0003,Game_B,Task_9,34.5625253267182,24.890152987233407,12.61586044140238,47.841574177595454,80.9131177235435,1.0,5.354473979636749,87.0464028546291,,,3.4952284819732085,18.0,2024-01-01 00:02:04,Menu
P0004,Game_A,Task_3,44.67739341887699,10.182642104217335,30.072165430266416,53.75814259966376,80.2174889681957,4.0,2.4928774875103112,79.84471300464035,0.2721245086760183,-0.19071862887484226,4.5642478309000065,23.0,2024-01-01 00:02:06,Cutscene
P0005,Rest,Task_9,33.12784078613585,26.681914547513625,32.556949753971345,53.49450641684666,56.20268909127918,8.0,9.582057565685593,103.66737091056078,1.5331869446130335,1.7501052700301256,4.323554182118894,21.0,2024-01-01 00:02:08,Loading
,Game_A,Task_1,,16.800889739096117,16.62237686558369,62.2372002489303,89.13935338171159,7.0,6.452532351105686,83.60780533862322,0.671686987953524,-0.5713077535082101,4.4237955882872315,19.0,2024-01-01 00:02:10,Menu
,Game_B,,49.27611302853218,21.43874551592907,27.493143704414177,49.12743718058176,68.67759879826981,3.0,4.398956236631342,91.01411428983549,-1.4900696372798048,0.040532658714465694,3.467339406672434,22.0,2024-01-01 00:02:12,Menu
P0008,Game_B,Task_9,48.7046794258618,30.974066699627386,23.305506157479332,70.94975818654558,64.71228433177676,5.0,3.14182683099607,103.40492994170617,-2.0635061982976715,-0.13682190719472503,5.33960924228821,19.0,2024-01-01 00:02:14,Menu
P0009,Game_A,Task_8,27.411440451923657,25.564045458609225,22.69225889421412,51.66683596588525,53.63378672286853,0.0,3.483675616013633,95.71055874966376,-0.4702081485769998,-0.23210210010830878,4.971992358679451,16.0,2024-01-01 00:02:16,Cutscene
P0010,Rest,Task_7,38.89547273437921,16.738135357057224,26.308774696528218,41.30114441923387,72.9204929768835,4.0,3.081902137680373,67.01708693569631,0.9167262574414696,1.3336667413956185,4.460845023377507,30.0,2024-01-01 00:02:18,Menu
P0001,Rest,Task_1,31.119586984408716,18.356289041793826,21.268332636746024,67.25871177013013,86.26689708105988,2.0,2.726504261546154,91.80275241903246,0.22445190623561373,1.1384502975701207,3.58539591349726,23.0,2024-01-01 00:02:20,Menu
P0002,Rest,Task_6,46.755023625523634,22.70321214727018,24.664349714601585,33.55180769397636,76.38305821361999,3.0,4.384283170611849,86.10123469367531,,0.5646759119002887,5.709739652141174,16.0,2024-01-01 00:02:22,Menu
P0003,Game_B,Task_4,39.94373492998019,25.97981363302926,14.15453528627084,52.5144700818839,95.02035180885845,3.0,6.682325825955329,75.46010259533944,0.22313696488584342,1.2564942640265555,3.6958540498055763,,2024-01-01 00:02:24,Combat
P0004,Game_A,Task_6,36.21082983564871,25.012197747619354,23.729834770834046,41.285005914579315,85.83417359852871,0.0,2.6456931780670834,76.39596193332878,-1.2305082813375885,-1.8087589753415096,4.532972653252371,24.0,2024-01-01 00:02:26,Combat
P0005,Rest,Task_4,55.39718809466319,24.851885869224276,25.205841202785905,55.08428803704196,100.76114312301348,5.0,3.287040260613689,67.02314358383967,-0.09047619753869976,-0.7019133156767381,4.479926308914919,18.0,2024-01-01 00:02:28,Combat
P0006,Rest,Task_2,36.83190311991988,25.473970727853658,29.868562551185637,60.182134366015376,76.78817027102698,1.0,7.900622100238219,105.49843773099843,1.2898032966875181,0.24780667501284384,3.315302515764139,22.0,2024-01-01 00:02:30,Menu
P0007,Rest,Task_3,22.985006626894112,,6.495023975442974,39.228415353374416,56.13568706085396,2.0,19.560162244106564,91.11508544006136,0.3831115530960237,1.0428233545439243,4.333598824618071,22.0,2024-01-01 00:02:32,Loading
P0008,Game_A,Task_6,37.30080242794246,27.276701274834092,22.251296082030507,42.50518474112229,96.285649887043,2.0,,90.97887369514206,-0.16562889169380454,0.11667508551959126,3.948843954473464,17.0,2024-01-01 00:02:34,Menu
P0009,Game_B,,56.49137551848196,27.20336718804298,24.630228397314767,35.12246071057121,64.31640037134652,0.0,1.9104939911668368,72.99301752437398,0.4060550137885255,-0.33825442084412854,3.7378647905023525,15.0,2024-01-01 00:02:36,Action
P0010,Game_B,Task_9,64.30286800734797,16.369973147486267,20.981009185501666,91.7738316545487,104.94458917622903,2.0,4.9979865420083,,1.1324660763436174,1.0379775033007448,6.335930869684854,28.0,2024-01-01 00:02:38,Cutscene
P0001,Rest,Task_9,43.089456429449505,21.14365015553687,33.53076763517872,51.152255965553614,104.5531770137792,2.0,7.267982672260983,85.72347672261931,0.24283178601324146,-0.1741313742185844,4.175580531481073,25.0,2024-01-01 00:02:40,Combat
P0002,Game_A,Task_7,,24.613381528909166,33.21830465372405,61.95190314507253,75.69744244657726,1.0,2.9071080620036716,101.49088633610161,-0.41894968749641104,0.7530900778120374,4.828645087402882,13.0,2024-01-01 00:02:42,Loading
P0003,Game_B,Task_6,39.08531904877696,21.865365964889772,,64.01165799515258,69.2716249144238,3.0,4.730019789595484,82.69618270351765,-1.081236670761156,0.9685307487244095,,19.0,2024-01-01 00:02:44,Loading
P0004,Game_B,Task_3,36.89320084493818,24.046962955456916,26.468819967888898,31.218813285160962,63.97785148991585,2.0,5.226575946875026,83.86842858959415,0.9913128415483264,-0.300036868313763,3.809218743544465,24.0,2024-01-01 00:02:46,Menu
P0005,Game_B,Task_9,34.02251319081827,16.545892444526093,23.860336899509782,33.02957859877846,61.78837709942592,4.0,2.6779192629684148,82.90690152623237,-0.03404445317789964,-0.9494586624292043,4.245472342544572,21.0,2024-01-01 00:02:48,Action
P0006,Game_A,Task_9,55.35322033968559,12.300518878063134,17.81602083833767,90.91554426211798,110.12370262453868,4.0,5.918279856494944,96.83205751217783,-0.6067273994956891,,3.7949678953772654,15.0,2024-01-01 00:02:50,
P0007,Game_B,Task_3,46.55990101571771,26.358590129976896,16.30587873323364,89.86190212065661,96.43359239018119,5.0,6.510401616927034,96.70549667680062,-0.3243379068446848,0.8207875623780337,4.324660126337067,24.0,2024-01-01 00:02:52,Cutscene
P0008,Game_B,Task_9,40.2760654740559,17.668092714347022,28.961477203800552,43.638735664542615,65.14975081598462,5.0,25.86268525209846,81.96206557057421,2.18121090628844,0.33071594957856154,,18.0,2024-01-01 00:02:54,Menu
P0009,,Task_1,39.152558688370554,25.21596650051196,26.945991234359735,55.12966860349808,84.95117578657319,5.0,5.8055265601350925,90.23119169860345,-1.7303236685867733,-1.5799248857827093,4.302518420738462,29.0,2024-01-01 00:02:56,Cutscene
P0010,Game_A,Task_3,44.699138764690176,25.634970790338887,19.572531794054377,43.3270164879981,86.18371050168989,4.0,75.43023747701432,102.8872902476796,0.478850574614025,-0.6261975504478969,4.4868965875359095,21.0,2024-01-01 00:02:58,Action
P0001,Game_B,Task_3,42.948774885544815,23.223067135960978,17.477050459868202,52.55163294704295,48.02192629951693,1.0,7.109672040667441,80.41538336190484,-0.9128824228425928,-0.47216738262550195,5.2410528176278985,16.0,2024-01-01 00:03:00,Combat
P0002,Rest,Task_4,46.16742116183608,18.574248350199305,16.496851290557558,64.16586796047329,82.72445268558232,2.0,8.539955243262472,102.61277316557454,0.6883314108978954,-0.704009983719565,4.572834488829736,27.0,2024-01-01 00:03:02,Menu
P0003,Game_B,Task_7,37.98704752856944,18.325368855384415,23.877270165385898,44.05192167561302,87.62919927727569,3.0,2.4557363136757573,92.2878628161185,2.1710859486341625,0.8758878989855107,3.5046602272509446,23.0,2024-01-01 00:03:04,Menu
P0004,Game_B,Task_8,48.59814670824741,13.412934365730761,7.685515894096021,65.06538073513981,68.17074040729304,2.0,2.1394123163983445,81.24962585055853,-0.9757429306833812,-0.49425066600656226,5.290559886041983,24.0,2024-01-01 00:03:06,Loading
P0005,Game_A,Task_8,41.96386586770404,29.09594759314595,21.91832987463028,65.05470097523366,88.53806852113985,1.0,6.450413860947148,77.14345517240866,2.0462581986007358,-0.025074307731991628,4.786670136056311,17.0,2024-01-01 00:03:08,Action
P0006,Game_B,Task_8,57.699998539994084,14.385255227885299,23.149408660346943,51.87129526735079,104.2198581095088,1.0,2.8267685848914694,59.236318064714595,0.22442261472215416,-0.029191017561308374,4.9706532618404164,12.0,2024-01-01 00:03:10,Combat
P0007,Game_A,Task_2,38.41046957567825,21.260119469584502,22.21743036562939,29.953802441639148,94.52588908925443,4.0,2.6538261578718214,71.73497932110338,1.128789089477185,0.09275170907920247,4.279818191616463,17.0,2024-01-01 00:03:12,Cutscene
P0008,Rest,Task_8,38.9596813121664,20.134964693962623,,34.295646912014945,71.47434594738853,4.0,3.584329498575691,70.39349017243187,-1.0891135726958614,-1.2443190557425285,,15.0,2024-01-01 00:03:14,Loading
P0009,Game_A,Task_7,39.13219246568856,18.654485859256624,8.80041440257034,48.21143244450479,70.78088538127676,1.0,8.203859983270537,,-0.1670673026188392,0.6005402730594233,4.0180119196785515,25.0,2024-01-01 00:03:16,Action
P0010,Game_B,Task_8,52.04014492509668,35.63903187063627,29.96172313964452,86.83423230836696,110.16774794554013,1.0,20.496008633298672,86.63700978889955,-0.4471209240498229,-0.17699452197058568,4.526388361656651,21.0,2024-01-01 00:03:18,Loading
P0001,Game_A,Task_1,55.4790819474392,22.296099161830586,13.338189377605989,61.660586866843396,78.50430249435975,2.0,17.1547531653462,98.47974787513502,-0.5119608572908303,-0.04460187797591132,4.66006154405094,17.0,2024-01-01 00:03:20,Combat
P0002,Game_A,Task_6,40.40179013688902,13.099100242055606,29.554344870823652,53.591486715144,94.91722050698098,3.0,3.4387961972117074,89.35548167004232,-0.7816434716233561,-0.7889894502452928,4.373848960498378,22.0,,Loading
P0003,Game_A,Task_3,38.891966777716966,11.892753529471468,29.575227605817428,,73.62557395918088,3.0,5.011257229263356,95.82043608082242,-1.2338249160559123,-0.06054059724139246,4.635926193102285,17.0,2024-01-01 00:03:24,Loading
P0004,Game_A,Task_8,41.04421358362936,24.163954599523127,26.773174041975086,51.85232580251803,74.11529022595046,5.0,4.902151965509171,98.98546744435359,-0.2757891349595317,-1.233820495917816,4.895632153930576,25.0,2024-01-01 00:03:26,Combat
P0005,Game_B,Task_8,46.78597926296111,21.42815763409684,15.434839778617253,56.46867732308892,80.70633592829097,5.0,4.983129657953586,77.60118276170405,-0.7855955633062263,,4.688730189386668,24.0,2024-01-01 00:03:28,Cutscene
P0006,Game_B,Task_2,40.83147444956743,,20.92137548484559,71.64955540814498,84.47797130554957,5.0,37.58469040445732,89.41748425424427,-0.09398279976534785,-0.3503424799645355,4.564186515948389,17.0,2024-01-01 00:03:30,Loading
P0007,Game_A,Task_6,31.871832926146283,12.643519103137212,34.592568923655065,48.31600279835876,,1.0,6.9003928359873985,69.9092758837372,0.2093368525198913,0.1181979539303602,4.383001097880577,18.0,2024-01-01 00:03:32,Loading
P0008,Rest,Task_4,36.505672479837884,25.015201573158436,26.450837514061845,22.35739791366635,64.6030588156959,5.0,8.040017808527715,72.33284493936198,0.9580628505048214,0.8396431659465237,4.857789127647645,17.0,2024-01-01 00:03:34,Menu
P0009,Rest,Task_5,37.59650146045459,18.74354064413291,17.656649978990174,50.832172263337895,60.935536136879385,4.0,7.923780850606801,83.37829040239515,-1.2098987247435062,-1.1718455601907167,3.3575997279841157,17.0,2024-01-01 00:03:36,Action
P0010,Rest,Task_3,43.26809356705362,10.073730928526277,7.863225961369235,78.79095620962275,67.54341574225302,,,86.61963376745823,0.5446077620119006,,3.1448726402279967,21.0,2024-01-01 00:03:38,Loading
P0001,Game_A,Task_1,,19.595499135832576,23.48702604362139,60.78984798000863,87.93967859643078,3.0,13.62563318758802,80.15448853550186,0.35976650030106805,0.9525484567460695,5.1735899953803175,16.0,2024-01-01 00:03:40,Action
,Rest,Task_5,36.61158063875584,33.768922036609986,11.910715225977306,42.79468734599288,57.25523778604414,2.0,3.639288883116263,75.91276043222088,0.7546925005141326,-0.9058857490807528,5.605227647885071,18.0,2024-01-01 00:03:42,Action
P0003,Game_B,Task_2,43.114886237902944,14.114653166505502,16.72700941747349,56.06296217011581,74.47632151700674,2.0,7.70567376035045,62.55358958401524,0.5802056792975606,-0.4868938904621363,4.868158188276336,24.0,2024-01-01 00:03:44,Combat
P0004,Game_B,Task_5,39.962393203860174,29.80698365718394,18.97863748557702,45.41205848435877,72.71763875232385,1.0,6.9359403896103275,70.6137059873891,0.8352211425672882,0.3373853693385956,3.921775456775083,11.0,2024-01-01 00:03:46,Cutscene
P0005,Game_A,Task_6,23.096641881323187,27.28581414489251,14.378124602314417,37.52267199673335,72.49769388967854,5.0,3.636938839373611,76.3041229603001,0.2720840431415581,2.2391959565960664,4.583236778821623,14.0,2024-01-01 00:03:48,Action
P0006,Game_B,Task_8,51.947835567145596,27.82123518081709,3.9692748272755125,67.97984796819289,104.50899631698286,1.0,3.3432274115932894,86.44698282071623,-0.7327436368638053,-0.8228213628178307,3.939676231145591,22.0,2024-01-01 00:03:50,Menu
P0007,Game_A,Task_7,44.7907106018292,,24.104152946173343,53.1422564111013,68.28272688953929,2.0,9.259122990413346,100.54290130596155,-0.42473373583883145,-2.284251527077352,3.595487957219522,20.0,2024-01-01 00:03:52,Menu
P0008,Rest,Task_2,51.04963143836769,25.931629152995377,23.13344821241096,49.285823104868776,73.78798228316089,4.0,24.976852845070553,105.35350242146683,-0.39789041213193693,1.3690186761479992,4.2412721423236945,18.0,2024-01-01 00:03:54,Menu
P0009,Rest,Task_7,45.21935783015387,21.28031333035845,15.471463492813637,73.17462781469278,112.45328813934995,2.0,5.771596869805838,107.2754292872998,-0.14857925274696696,1.0163399511413502,5.093587842162018,22.0,2024-01-01 00:03:56,Menu
P0010,Game_A,Task_3,38.329955374362285,18.827086457789793,20.60912297006736,62.94205548039286,77.63145233226345,3.0,6.287340071114447,74.76956142936098,1.0361335471620354,-0.18589151770255646,4.314593723213392,24.0,2024-01-01 00:03:58,Menu
P0001,Rest,Task_4,42.48139342185451,20.95113909102675,21.69368052103729,63.27336777031326,101.90903616067723,2.0,4.682787393705391,96.8893482595275,0.5952750425324513,0.06860262293377035,3.8835595209805738,15.0,,Cutscene
P0002,Rest,Task_1,54.49259648237678,21.53935286452321,12.127725715385445,44.665956507553695,68.48353847049057,3.0,5.080151237640245,93.002101871903,-0.6786306865171003,1.5330858901278952,4.018206451299379,24.0,2024-01-01 00:04:02,Loading
P0003,Rest,Task_7,49.525579220486726,29.880570643485836,5.361515555573443,70.09807311379943,123.00431276426046,1.0,11.665612121747376,84.33304901682872,1.5728973297741689,-0.48451429619975656,5.9006499350814865,24.0,2024-01-01 00:04:04,Loading
P0004,Game_B,Task_5,42.3430280609453,16.948061722973133,11.586266026808044,40.078989752998744,89.73319418987634,5.0,3.8339512395218365,74.42822870257251,-0.5476318739613997,0.36287344978457425,4.051825255671295,19.0,2024-01-01 00:04:06,Combat
P0005,Game_A,Task_3,62.49266369023209,21.320789377235876,22.30928797102715,56.98818569013041,92.00722006883191,1.0,8.815176366292324,104.46600736873967,0.4922181444361779,-0.9555216562195298,4.785652721811615,19.0,2024-01-01 00:04:08,Combat
P0006,Rest,Task_7,40.889571928726326,10.842228153561498,18.34217729462172,,74.31873820689717,2.0,10.372938074805171,80.57715791839426,0.26215965119556317,-0.26222115718691985,4.511904418409208,16.0,2024-01-01 00:04:10,Cutscene
P0007,Rest,Task_3,25.25303877585007,20.48944571974347,9.347060367662614,53.68908369249535,101.77957007711676,3.0,2.617318855418592,72.76670109385257,-0.17141162754526795,-1.6468024936000203,3.617035681955218,20.0,2024-01-01 00:04:12,Action
P0008,Rest,Task_4,33.27783501224323,24.284154754375958,24.466693952145143,30.8641302901726,93.64234498205144,1.0,9.748688819041883,101.63129492519286,0.25409375163968934,0.1323516825954986,4.318896897682939,16.0,2024-01-01 00:04:14,Loading
P0009,Game_B,Task_3,44.509020636947,12.397465836461848,19.77728694687672,44.30515704077441,78.6545141003132,4.0,5.940866274556302,84.97413977180759,-0.758095190075092,0.1960398750048124,4.682770794369793,19.0,2024-01-01 00:04:16,Combat
P0010,Rest,Task_9,40.474568721350295,15.114921228823007,24.31131226309694,52.695320198110586,82.29485109103918,3.0,12.406937498830821,80.5306036928416,-1.4094753710746422,-0.5267699672609962,3.2181419846500128,17.0,2024-01-01 00:04:18,Loading
P0001,Game_A,Task_3,43.394679937883396,20.881962404825472,18.35753826990892,58.298261856215746,59.36083094686383,6.0,8.299028385974053,104.48087118541102,1.8764826943987698,-0.9427647686275804,4.561981621333354,13.0,2024-01-01 00:04:20,Action
P0002,Game_B,Task_1,40.84986885116676,22.136604876951285,20.717096395405296,50.55140470247959,74.2715470378075,5.0,4.541861485789907,91.64173009216701,-1.0632657641070384,0.01378522405958926,3.5449790282280533,20.0,2024-01-01 00:04:22,Action
,Game_B,Task_4,32.61083477466795,25.239009724227493,32.8708749249184,33.10672285264545,91.56762510008157,2.0,5.521075227274367,93.72938259767979,-1.7151724589563553,0.8457141147509171,5.5123629681817965,19.0,2024-01-01 00:04:24,Combat
P0004,Game_A,Task_5,43.23884412407237,17.368730278200065,23.27996657457745,38.43537045976729,89.14060855554894,2.0,5.9251824660355314,85.12158549697799,-2.1303202501411533,1.8342259625450226,4.474748592615045,20.0,2024-01-01 00:04:26,Loading
P0005,Game_A,Task_9,42.218968991241816,11.052438826835182,20.98984260514425,36.79305705759254,78.53777267828048,2.0,3.2942176868978414,67.28295783082409,-0.2567007528574461,0.7841520299421265,5.64810644278965,20.0,2024-01-01 00:04:28,Menu
P0006,Rest,Task_1,61.66255338425296,23.572574811864605,12.356968472650953,61.467224260943084,106.26673434556795,2.0,12.37273691857635,74.07046998175669,1.8337249762320302,0.15162331944176716,3.2006148458539028,19.0,2024-01-01 00:04:30,Loading
,Game_A,Task_3,33.30316315487667,17.18345668801347,18.020177484785414,54.030581308097766,95.25691936747418,3.0,3.1489938911122692,89.60977901068733,0.3756217102875831,0.019541191041415506,4.359303420265874,16.0,2024-01-01 00:04:32,Cutscene
P0008,Game_A,Task_6,29.097107758189303,20.15771600310799,28.009657117477722,46.3168152575878,76.28074520155198,2.0,1.820746889661789,80.25857202303476,0.6784023594855089,1.136075292823112,4.954170685411048,23.0,2024-01-01 00:04:34,Menu
P0009,Game_A,Task_6,43.51478007722816,24.251312208819233,21.19205917308867,34.229136839530256,68.43307212495881,3.0,20.818824853443026,93.80811163202054,,-0.6893683571334472,5.084774299386101,18.0,2024-01-01 00:04:36,Action
P0010,Game_A,Task_4,45.60526567423746,20.42005978433743,20.11240853328554,15.256990411729179,86.00380084399143,,13.348502339670416,74.58431027183326,-1.0264784987020232,0.5746439988162586,4.4164688893992885,24.0,2024-01-01 00:04:38,Loading
P0001,Rest,Task_4,47.421929723167885,26.254471258482745,18.228212058301146,46.4560577278866,71.75318330665115,2.0,19.017810848406782,61.489594493072474,-2.1636050162533684,1.2149970605809868,4.795451632045003,19.0,2024-01-01 00:04:40,Menu
P0002,Rest,Task_9,14.504910426954048,20.911279363299126,32.77096576619666,31.042270511404226,73.10089171794145,2.0,15.758308695275925,69.12774972601888,-0.6725141975268498,-0.7519764058159247,4.452120005835775,16.0,2024-01-01 00:04:42,Loading
,Game_A,Task_1,,9.650846023310852,22.061351489654612,,70.58872132052153,5.0,7.009431451171171,77.80909829546222,0.1294874366933847,0.5614100334900609,5.471221599632969,19.0,2024-01-01 00:04:44,Menu
P0004,Rest,Task_7,30.878464086401806,22.529273902300975,21.557384651130324,40.64187264993049,84.62569364840127,4.0,2.016582818632235,80.7953922183647,-0.09343936935065612,0.0760737069731968,4.966382836861317,19.0,2024-01-01 00:04:46,Menu
P0005,Rest,Task_2,39.724546436763326,23.242045164208275,30.450174886704115,35.04814214812708,79.31655498029133,3.0,6.872114090862301,91.58051201215739,1.4482869146944564,-0.9631214452355302,3.967892263851778,21.0,2024-01-01 00:04:48,Action
P0006,Game_B,Task_3,39.33705852135133,17.594316891232193,6.682493898279778,67.88110235377764,,3.0,6.1607584280562655,95.55888743232481,-1.8668538466837237,0.8337810489226254,4.308093574349555,22.0,2024-01-01 00:04:50,Cutscene
P0007,Game_B,Task_6,34.674829119475234,24.912240782507354,20.955226259302094,36.00813149748326,55.78014121044253,1.0,4.815171948039123,80.75056449145856,2.0732762293785814,-0.3613861399484951,5.139653678880849,18.0,2024-01-01 00:04:52,Combat
P0008,Rest,Task_3,32.290832705287826,9.947181065351984,32.546795844293634,33.781603602724225,69.0608328407773,3.0,2.425874385664708,78.39125444479464,-0.04540803120400701,1.3413757096972903,4.009727586038711,16.0,2024-01-01 00:04:54,Combat
P0009,Rest,Task_7,47.00290343648285,24.06335902505581,,55.22634028475218,72.74422417396704,3.0,,94.5530697808601,-1.5541195140315147,0.04141142477251369,3.5597208020531284,18.0,2024-01-01 00:04:56,Loading
P0010,Game_B,Task_2,36.999483383227115,17.473596379717197,29.04988360186373,57.2961986290699,105.66752981297348,5.0,,106.35124032806307,0.6661490956030379,1.0316818627219693,5.100706698784904,23.0,2024-01-01 00:04:58,Menu
P0001,Rest,Task_4,51.406455246564065,19.599380517652612,23.91832762764302,48.67143114913115,69.46908859537027,2.0,8.991201533211015,83.47049313930543,1.3210049729495443,1.7078054078887215,3.9468493662872226,15.0,2024-01-01 00:05:00,Combat
P0002,Game_B,Task_1,49.26393608394139,2.398797960136193,18.021206891428523,51.14415771476774,61.228439067463064,5.0,10.801828142304462,79.50575010740545,-0.8041301711373187,0.06242149349878249,4.101959969157455,18.0,2024-01-01 00:05:02,Combat
P0003,Game_B,Task_5,27.260797412724674,15.234746787540455,24.93738713856534,61.00467720929217,85.80837750163168,3.0,3.0150350380323054,103.37791615896766,0.1866877389078372,0.047600699368137885,4.511059606243367,15.0,2024-01-01 00:05:04,Combat
P0004,Game_A,Task_2,44.986419093722176,19.092835906794903,7.183209963236248,,68.55998797185455,2.0,4.364614723169834,95.27208275375565,0.02747346830713488,0.9260185313281308,3.769008025667656,22.0,2024-01-01 00:05:06,Combat
P0005,Rest,Task_1,29.41116002136803,22.158054557453287,20.959590350961967,36.60758479469821,,4.0,2.4432961143250473,79.216126399219,-0.11137762597057782,1.0838142635181358,4.909021406771734,25.0,2024-01-01 00:05:08,Loading
P0006,,Task_6,35.26181597347023,19.706847227339807,13.45591991082311,55.12571261555181,81.90128948574643,3.0,12.88459177800819,94.3230615078672,0.39511610113874174,0.6684268327717342,5.823947446218422,25.0,2024-01-01 00:05:10,Menu
P0007,Game_A,Task_1,,,30.863939423266032,38.12758593624167,83.7219047053402,6.0,4.807697746288916,89.24058775889013,1.2731215771933238,-0.2901741308447634,4.035388301390796,24.0,2024-01-01 00:05:12,Menu
P0008,Game_A,Task_7,36.49428531242123,18.054743101685865,27.717297446834277,64.37744760229523,71.65230985755828,3.0,4.519144926389262,95.84664269490483,0.2540288554994213,-0.7343588584476626,5.4486711345326695,24.0,2024-01-01 00:05:14,Action
P0009,Game_B,Task_3,42.76445221329426,21.372138712038023,19.6275816252184,59.098241554864245,85.82798155261699,2.0,2.9155213512247746,69.68740574488683,0.5802477514539142,1.157372481616226,3.403409290214976,21.0,2024-01-01 00:05:16,
P0010,Rest,Task_9,,16.82310351804254,14.839646866465696,56.604952869600965,73.9795462185051,5.0,6.710613458814686,103.25747137241322,-0.7704341866066112,-0.3991142120329419,3.5965854896748395,23.0,2024-01-01 00:05:18,Combat
P0001,Game_B,Task_7,26.576872750182638,21.991811843722697,11.378875683086186,30.90715304555563,70.0319988962675,2.0,37.63599163519732,71.39823647399527,1.055035262112758,0.8614947405283141,4.305042347334405,13.0,2024-01-01 00:05:20,Combat
P0002,Rest,Task_9,42.490207969606054,24.760019916648485,13.71071390298357,27.076715197256107,82.95440484886082,4.0,21.89163396562873,84.08072773002684,-0.161476841544289,-0.20749874162072135,4.106196529711589,31.0,2024-01-01 00:05:22,Cutscene
P0003,Rest,Task_6,30.268250765208357,16.453654513862652,7.318897652964758,69.32630085552475,89.59130334207197,2.0,13.930620031886969,94.67702504997197,-1.0196952400910428,1.6349965944884983,3.781076932441164,30.0,,
P0004,Game_A,Task_4,45.293512613780905,23.558023184637097,25.371038442203194,33.84810722563008,75.2158353439037,4.0,1.7617079947252208,75.49159376099611,0.21012034322904566,0.26038495627486075,4.169082016128052,16.0,2024-01-01 00:05:26,Menu
P0005,Game_B,Task_9,44.420812535444284,8.058177765869516,28.11438663888677,62.138100465719376,59.49404836481942,2.0,8.354369404799291,105.06880146431207,0.22683313103316818,0.7822852015629841,5.647826215019809,25.0,2024-01-01 00:05:28,Action
P0006,Rest,Task_3,26.358446459033008,27.37672128889407,34.42289131249737,35.213247088230645,79.64715519957183,1.0,2.6149968266342363,,-1.4323254522419622,0.019227907700165983,3.9509036132539266,22.0,2024-01-01 00:05:30,Menu
P0007,Game_B,Task_9,54.8219696804604,10.858690802158144,17.385004858486,,80.25585277598083,5.0,6.718223321710188,75.05481990229396,-0.30577551277731924,-0.4284815316942684,4.083106805338242,26.0,2024-01-01 00:05:32,Combat
P0008,Rest,Task_8,54.843346476490254,17.786963991904443,21.41593558053577,46.80421482887175,101.41335023511635,3.0,9.8945409779547,85.87373974383435,0.406923993780114,-1.3018208670944498,5.124104108725185,22.0,2024-01-01 00:05:34,Loading
P0009,Rest,,,23.094849237857396,10.767898117271116,58.3698186787391,69.02732921412714,2.0,2.978077680632769,88.45670136074324,-0.0240529249112292,-0.45484585897476787,4.757624056038995,19.0,2024-01-01 00:05:36,Loading
P0010,Game_A,Task_8,50.622530232408145,20.015843074870244,15.426107793451376,75.44871511265737,86.02335493804496,3.0,10.984249263240372,95.62211155714205,-0.7094193139605861,0.20261808472678774,5.2580901497232615,19.0,2024-01-01 00:05:38,Combat
P0001,Game_B,Task_9,33.86912557130798,11.416689512503334,15.983636302621072,50.805641381277184,54.56001599914349,5.0,18.709600082027517,83.33666045136052,-0.6302235124608924,0.47594762806609625,4.590158126662195,14.0,2024-01-01 00:05:40,Menu
P0002,Rest,Task_7,50.75659522765652,23.906723807859915,15.607394908403986,40.215453744664174,88.11317048310734,5.0,5.504575099091435,74.79193879657078,-1.7214357524332768,2.322614432872244,3.7351119829979336,17.0,,Cutscene
P0003,Game_B,Task_5,47.72662383702347,20.110163412429355,33.59137601454891,54.145126838299056,83.05250516070805,1.0,4.324853382480769,94.30216925755542,0.010328721471794141,0.36684657584579033,3.338166046029061,18.0,2024-01-01 00:05:44,Menu
P0004,Game_A,Task_4,44.42845066630818,21.46267097697203,11.617841109809772,56.14636016434028,82.11852014095726,6.0,5.443223035004825,96.81119887523676,0.25562147240677296,-0.9156228358410828,5.578532228602086,21.0,2024-01-01 00:05:46,Action
P0005,Rest,Task_6,49.8288496289449,16.295884317358635,-1.2463040918387742,57.56776602589872,80.96543910447336,5.0,15.977737223938437,78.56731352664106,2.41536277524435,1.3192741840785718,4.338900912831851,24.0,2024-01-01 00:05:48,Action
P0006,Game_B,Task_6,48.558643053155244,30.439077893124683,27.071599267355154,17.14045155477144,41.08234958360388,3.0,2.466964807496753,71.84441482291246,-1.640304086674025,0.4642927294618706,3.456726487830817,26.0,2024-01-01 00:05:50,Action
P0007,Game_A,Task_5,42.651772204247585,21.425669977505205,23.60559037248871,30.36305329510611,,2.0,6.038041286302261,87.22756413767382,-1.2854315217933567,-1.0981543993999883,3.4707109624237455,14.0,2024-01-01 00:05:52,Combat
P0008,Rest,Task_8,33.981144129076156,15.582755699859387,21.820338396597723,28.966403333511163,66.24125086139736,3.0,2.2516969291245834,88.71801772444915,,1.1851749346990237,4.413510338576865,21.0,2024-01-01 00:05:54,Loading
P0009,Game_B,Task_5,46.79626273518026,22.478020363435526,18.36977203716193,64.88889244214161,94.10485726451364,4.0,6.278007047418028,101.52271041087737,-1.0941074293306376,0.09238155398921435,4.749334845079021,20.0,2024-01-01 00:05:56,Loading
P0010,Game_B,Task_1,45.0696623939338,20.100392535874498,23.134604526075616,47.217074981820204,87.69325945430428,2.0,5.463287100623766,66.15679622354922,-0.31746528755146797,0.38047577509727487,4.787511735200008,21.0,2024-01-01 00:05:58,Cutscene
P0001,Game_B,Task_4,39.67783786746371,7.577265483981375,30.635918585854533,12.552694611277797,62.54695829089134,4.0,13.911611807484162,93.91151866580947,0.0705658601535319,0.2723728301540598,3.2149948667665353,29.0,2024-01-01 00:06:00,Menu
P0002,Game_A,Task_5,39.47080436212343,19.939575805472987,18.313911884072308,42.41559325681553,90.53793493599802,4.0,2.068153209183638,75.82050061570014,,0.9033912281997193,5.380647171588294,18.0,2024-01-01 00:06:02,Loading
P0003,Rest,Task_6,54.79614751019175,24.55588537251081,15.369455253949209,55.11459349916624,77.42121376967185,3.0,13.560297987618403,78.85453498314575,-0.12387356244278833,-0.1517939400898319,5.486033073969828,13.0,2024-01-01 00:06:04,Loading
P0004,Game_B,Task_4,33.05890778690702,12.571541811825107,23.927065967233737,50.376435624802184,,3.0,2.4678224558583572,78.59822645653631,-0.014332824273853174,0.2669247585865929,3.7004343544275864,20.0,2024-01-01 00:06:06,Combat
P0005,Game_B,Task_7,47.23374625352266,24.29661552225093,18.852996196290693,51.836628371220876,95.32669923208837,3.0,12.518043701721695,69.67486102905119,1.1463050102014294,-0.804886965547101,5.8506368739549925,15.0,2024-01-01 00:06:08,Loading
P0006,Game_A,Task_3,30.36746712774141,30.37673410346223,35.01552401890682,28.621500728012897,61.45932928155299,2.0,5.282371455545901,90.12834542454883,0.3677626901055601,0.2638644171640617,4.793122668477285,18.0,2024-01-01 00:06:10,Combat
P0007,Rest,Task_2,43.14491629607555,28.452643180093546,17.62923164164947,35.652114671326714,55.3424949982727,2.0,3.2683413150525014,92.5685442059347,0.4444838764654199,0.4833986430678398,2.3167760238283206,14.0,2024-01-01 00:06:12,Action
P0008,Rest,Task_5,54.61393240598092,27.499967414840476,11.698736955077843,44.7332968810627,85.0311917815907,3.0,5.341801036422929,,-0.9055597665413099,-0.6941357596997974,4.789500439017998,19.0,2024-01-01 00:06:14,Combat
P0009,Game_B,Task_9,43.14814385938291,28.894826762846293,8.512414058349727,69.01965319976746,88.00080340624811,6.0,2.786774162046702,83.72970846067352,0.5039005869127249,0.02867140693526774,4.489519160460838,17.0,2024-01-01 00:06:16,Combat
P0010,Game_A,Task_8,41.139872370553725,27.370391206204033,14.165888912613756,43.86831957449925,85.00891767298613,4.0,5.02396380026345,89.061738825391,,,3.5184575026547664,21.0,2024-01-01 00:06:18,Menu
P0001,Game_B,Task_2,23.00849395470789,23.038911592090592,12.675808862543665,29.075729099341615,77.81008586224843,6.0,5.320720547404718,57.28101106944685,-0.07215208118126867,-2.9346356751313976,3.1054977458604647,27.0,2024-01-01 00:06:20,Menu
P0002,Game_B,Task_3,45.338304890846494,25.679880160724487,8.32820304689405,65.05314755933496,62.18751759240298,4.0,1.8133288471318285,115.23284929043557,-1.111371902702274,0.27943082473279574,3.745853793693768,16.0,2024-01-01 00:06:22,Menu
P0003,Rest,Task_9,42.516503278203764,19.39481256815506,31.40333529696563,33.87331451899654,87.35458511711425,1.0,3.3968793513458966,84.39451882491895,-0.28240381114754454,0.5619041569806352,4.522660278998129,21.0,2024-01-01 00:06:24,Combat
P0004,Rest,Task_5,27.055121669125498,23.739311157880703,16.91971855131251,46.48033306542568,84.28387546289329,4.0,5.502590473423553,92.62001215275633,-1.2649405868901475,-1.9459030160965114,4.202912543920077,18.0,2024-01-01 00:06:26,Menu
P0005,Rest,Task_9,28.34041950963916,,15.36423488515833,53.447581094672834,98.33090160903075,1.0,2.2101010683368982,82.17133350639558,0.2677122959264376,-0.28594170461395685,3.6308670145142194,12.0,2024-01-01 00:06:28,Menu
P0006,Rest,Task_4,25.029515819054417,19.550816288699743,15.69939535180459,33.02651198666294,78.09498207069787,5.0,4.356949696026877,84.83386702362601,0.05173276908784798,-0.19427059866165386,5.6252497482721155,29.0,2024-01-01 00:06:30,Menu
P0007,Game_A,Task_2,48.63007323121499,21.410592158344397,28.836661070437792,26.48671744800487,80.76870071672566,4.0,1.8306923303989906,61.49935952584774,-1.0855334372840661,-1.1788032805185193,4.515558734179795,21.0,2024-01-01 00:06:32,Loading
P0008,Rest,Task_9,43.981992982152704,10.304849004983327,30.487145241221228,48.64155623779708,73.42277712297825,2.0,4.142646500824358,94.59720924694574,1.1998671100623137,-0.21251725679523611,4.7314446724398955,18.0,2024-01-01 00:06:34,Combat
P0009,Game_B,Task_2,62.883265527977066,30.409964654998532,28.44392432034096,99.51633086534393,95.2628436009251,1.0,13.996191365438825,112.23264081600814,0.8802872608099285,0.3999858483259343,3.2149348772698603,16.0,2024-01-01 00:06:36,Action
P0010,Game_A,Task_1,44.870203413719324,22.769743636560527,29.24287071268637,67.1964909887757,91.4738427494986,1.0,1.7973993357510558,88.34800888786204,-0.6621289915636799,-1.689436405428614,4.545469318582518,20.0,2024-01-01 00:06:38,Action
