User_ID,Device_Type,Latitude,Longitude,Session_Timestamp,Gaze_Target,Interaction_Type,Task_Success,Distance_to_Target_m,Head_Orientation_XYZ,Latency_ms,Completion_Time_s,Cognitive_Load_Score
U0001,AR_Glasses,37.568777581843165,-122.46270528302294,2024-01-01 00:00:00,Object_B,Pointer,1.0,17.687726431906704,"(0.40, 0.56, -0.54)",109.47867599320392,15.349130713475926,3.0
U0002,AR_Glasses,37.82218426956421,-121.8016762692262,2024-01-01 00:00:05,Avatar,Voice,1.0,0.7810635899846697,"(-0.35, -0.26, 0.80)",286.6757876763503,68.85473850150242,3.0
U0003,HTC_Vive,37.79468380369314,-122.0759428518189,2024-01-01 00:00:10,Environment,Gesture,1.0,0.39660045941015865,"(0.72, -0.91, -0.05)",185.433277478414,198.00946903562473,
U0004,Oculus_Quest,37.74391666719373,-121.88923629393133,2024-01-01 00:00:15,Object_B,Gaze,1.0,8.297837251314357,"(0.20, 0.71, 0.80)",87.47537649918588,34.32196170447425,2.0
U0005,AR_Glasses,37.73919601702959,-122.056796334716,2024-01-01 00:00:20,Object_B,Gesture,1.0,0.437016957825854,"(0.06, 0.22, -0.65)",46.19532705148826,116.65689403709457,4.0
U0006,HTC_Vive,,-121.80261842917807,2024-01-01 00:00:25,Avatar,Voice,1.0,3.653550408077102,"(-0.79, -0.79, -0.94)",47.57245581961942,46.45874427619453,3.0
U0007,HTC_Vive,37.62362648168222,-121.9093201390559,2024-01-01 00:00:30,Environment,Gaze,1.0,3.396109263474484,"(0.98, -0.30, -0.46)",133.2393571417271,44.91533484351646,3.0
U0008,AR_Glasses,37.281448078403265,-121.58388560707536,2024-01-01 00:00:35,UI_Panel,Gaze,0.0,4.03020456386399,"(-0.59, 0.71, -0.63)",133.27361947955495,58.122926249698466,4.0
U0009,AR_Glasses,37.87140336673976,-122.06330420613386,2024-01-01 00:00:40,Avatar,Voice,1.0,1.2407172667079396,"(-0.16, -0.47, -0.34)",211.6659642189445,,4.0
U0010,HTC_Vive,37.088107698178625,,2024-01-01 00:00:45,Environment,Voice,1.0,0.6491158618977122,"(0.02, 0.80, -0.79)",158.17775703918045,19.8961628667111,4.0
U0011,HTC_Vive,37.67437651893983,-121.93034794052822,2024-01-01 00:00:50,UI_Panel,Voice,1.0,0.4880178997578911,"(-0.13, 0.62, -0.63)",196.42227488873218,35.33862590399536,3.0
U0012,HTC_Vive,37.02664097383219,-121.72511312055175,2024-01-01 00:00:55,Avatar,Gaze,1.0,0.4056127925542555,"(0.40, 0.57, -0.05)",132.64274061400786,101.3911298498541,2.0
U0013,Oculus_Quest,37.834887796245816,-122.09390865218708,2024-01-01 00:01:00,Object_A,Pointer,1.0,13.955236740182524,"(0.31, -0.36, 0.50)",111.10955966796745,39.36429077990611,3.0
U0014,Oculus_Quest,37.675024076629036,-121.92567460943845,2024-01-01 00:01:05,Object_B,Pointer,1.0,2.6759719016728205,"(0.10, -0.41, -0.12)",135.9223393856553,32.79145075183723,3.0
U0015,Oculus_Quest,37.981516689669164,-121.83815540779443,2024-01-01 00:01:10,Environment,Gesture,1.0,0.5590769277646228,"(-0.78, -0.81, -0.69)",49.0655596589017,18.048610106798034,2.0
U0016,Oculus_Quest,37.12363939241126,-121.99877419028402,2024-01-01 00:01:15,UI_Panel,Gesture,0.0,0.49013197242457457,"(-0.64, -0.21, 0.65)",87.52284386981398,150.76102924539697,4.0
U0017,Oculus_Quest,37.89401936890863,-122.44770288455543,2024-01-01 00:01:20,UI_Panel,Voice,1.0,2.6540978778277307,"(-0.56, -0.37, -0.95)",28.686122750647478,26.875965147498544,1.0
U0018,HTC_Vive,37.86223653105803,-121.97237389783058,2024-01-01 00:01:25,Object_A,Pointer,1.0,1.0105257451209824,"(-0.89, 0.02, 0.18)",73.12667302483001,73.01592380348904,3.0
U0019,Oculus_Quest,37.172039417045525,-121.69619160292221,2024-01-01 00:01:30,Object_A,Pointer,1.0,0.3253320117514342,"(0.53, 0.82, -0.24)",80.61037857596433,57.300443496948716,4.0
U0020,Oculus_Quest,37.81695946268399,-122.32147395033127,2024-01-01 00:01:35,Avatar,Gaze,1.0,2.7714141628027313,"(0.98, -0.78, 0.85)",141.05281473851988,138.3051848905959,2.0
U0021,AR_Glasses,37.295578578586856,-121.61268020869633,2024-01-01 00:01:40,Avatar,Gaze,1.0,0.8813730809947505,"(-0.20, -0.25, -0.90)",172.36905495761584,63.292732690859914,3.0
U0022,HTC_Vive,37.45572423162352,-121.69347633843444,2024-01-01 00:01:45,Avatar,Voice,1.0,0.27923350431524807,"(0.47, 0.86, 0.22)",100.72824459789852,23.845782190023034,4.0
U0023,AR_Glasses,37.96095541767414,-122.21473241384534,2024-01-01 00:01:50,UI_Panel,Pointer,1.0,2.3598541968992435,"(-0.23, 0.46, -0.82)",79.84795919979476,24.356133558367272,
U0024,HTC_Vive,37.66867596228794,-122.09810110069589,2024-01-01 00:01:55,Object_A,Gesture,1.0,0.5142179507304939,"(0.81, 0.34, -0.60)",145.62463056521037,48.48788015344782,4.0
U0025,Oculus_Quest,37.06316786329837,-122.48881541197798,2024-01-01 00:02:00,Environment,Pointer,0.0,1.1004502565737238,"(-0.81, 0.28, -0.21)",34.35505445467937,84.68485111175332,4.0
U0026,Oculus_Quest,37.77920356629596,-122.17302904103009,2024-01-01 00:02:05,Avatar,Voice,0.0,0.48546300083386784,"(0.23, -0.89, 0.27)",93.50588905393346,22.070996058561132,3.0
U0027,HTC_Vive,37.005535856264494,-121.53361244407068,2024-01-01 00:02:10,Environment,Gesture,1.0,1.7509376970068495,"(0.98, 0.15, 0.75)",147.92604402869924,88.31472773262645,4.0
U0028,Oculus_Quest,37.77947304142599,-122.34390272395494,2024-01-01 00:02:15,UI_Panel,Voice,1.0,1.0764087902391097,"(0.77, 0.31, 0.96)",108.67187042601002,66.79483424950348,2.0
U0029,Oculus_Quest,37.82356221486446,-122.01164073691211,2024-01-01 00:02:20,Object_A,Gesture,1.0,1.7977394620383647,"(-0.70, -0.68, 0.74)",68.57790657722009,19.015918321187286,2.0
U0030,AR_Glasses,37.45898716086328,-122.30180231190967,2024-01-01 00:02:25,Avatar,Gesture,1.0,1.4041677264500363,"(-0.09, 0.56, -0.97)",176.491770607665,29.690843232880017,2.0
U0031,AR_Glasses,37.11269359791886,-121.5205669346153,2024-01-01 00:02:30,Environment,Gaze,1.0,12.390153719280827,"(-0.09, 0.82, 0.57)",111.9248501726384,86.78432043693081,2.0
U0032,HTC_Vive,37.989087298005074,-121.84465614557189,2024-01-01 00:02:35,,Gaze,1.0,1.684647608063159,"(0.09, 0.67, -0.21)",134.05888969246575,110.39975720082022,
U0033,Oculus_Quest,37.572142470840674,-121.56186034898866,2024-01-01 00:02:40,Object_A,Pointer,0.0,1.2385518543546132,"(-0.80, 0.69, -0.41)",56.424080555031985,41.737176505990874,3.0
U0034,Oculus_Quest,37.044117576264725,-122.23933683657668,2024-01-01 00:02:45,Object_A,Pointer,1.0,1.9362041604430995,"(0.65, -0.65, -0.20)",217.3567138439601,26.46798169853187,4.0
U0035,HTC_Vive,37.36813718788113,-121.79967181717052,2024-01-01 00:02:50,Avatar,Voice,1.0,3.621461770181663,"(0.04, -0.97, -0.53)",98.26688226287587,25.873346333903896,2.0
U0036,HTC_Vive,37.307138552092795,-122.08605820596574,2024-01-01 00:02:55,Environment,Voice,1.0,1.1589204466570722,"(-0.68, 0.46, -0.41)",158.67385999109524,67.95888693356973,3.0
U0037,HTC_Vive,37.87227769369622,-121.74031921665744,2024-01-01 00:03:00,,Gesture,1.0,7.611706954108419,"(-0.46, -0.27, 0.41)",101.6214641491311,63.75892436668943,2.0
,HTC_Vive,37.147980606916875,-121.6729471060484,2024-01-01 00:03:05,Environment,Gaze,1.0,1.6784165766265784,"(-0.54, 0.23, 0.11)",115.22609981709334,50.42977803782657,4.0
U0039,Oculus_Quest,37.68686353572728,-121.859496737306,2024-01-01 00:03:10,Environment,Gesture,1.0,0.7711286983295679,"(0.08, 0.21, 0.67)",83.28295872717901,46.52425589694524,2.0
U0040,AR_Glasses,37.5721705905628,-122.32978914829944,2024-01-01 00:03:15,Environment,Voice,1.0,4.444680278399982,"(-0.84, 0.00, 0.60)",127.77824284283273,75.73167072702229,4.0
U0041,AR_Glasses,37.323918252571765,-121.71330139528926,2024-01-01 00:03:20,UI_Panel,Gesture,0.0,1.8200046584211984,"(0.30, -0.91, -0.35)",60.112353554273234,59.71653333316902,4.0
U0042,AR_Glasses,37.26728942161284,-121.98224978448373,2024-01-01 00:03:25,Object_B,Voice,1.0,1.54890202580997,"(0.04, 0.08, 0.13)",77.35796780970756,80.68039406950881,1.0
U0043,HTC_Vive,37.10339884557242,-121.544444215622,2024-01-01 00:03:30,Environment,Gaze,1.0,1.0466835232493081,"(0.84, 0.10, 0.86)",165.72201284387205,124.35324044333214,5.0
U0044,Oculus_Quest,37.32736670841618,-122.11143412294716,2024-01-01 00:03:35,UI_Panel,Gesture,1.0,1.2132802886578948,"(0.66, 0.64, 0.51)",48.47752722102604,25.160508261752117,5.0
U0045,Oculus_Quest,37.67880579305226,-121.77075108611587,2024-01-01 00:03:40,Object_B,Voice,0.0,1.2319065137922496,"(0.05, 0.23, -0.17)",144.18672671959644,32.738934573031635,5.0
U0046,HTC_Vive,37.48420759042971,-121.84221410383462,2024-01-01 00:03:45,Object_B,Voice,1.0,1.0849665007639397,"(-0.01, 0.48, -0.69)",166.2583293621769,56.655935805808895,3.0
U0047,HTC_Vive,37.45952161446471,-121.574080905131,2024-01-01 00:03:50,Object_A,Pointer,0.0,3.185752340271096,"(0.81, 0.54, 0.74)",65.53942932146333,41.70047414728931,4.0
U0048,AR_Glasses,37.535938342951134,-122.3899111008559,2024-01-01 00:03:55,Object_B,Gaze,1.0,0.7895660843183887,"(0.88, 0.20, 0.16)",87.50487963789726,132.33194069740685,4.0
U0049,AR_Glasses,37.73176419879452,-121.62658747151823,2024-01-01 00:04:00,Avatar,Gaze,1.0,0.45135769827011096,"(-0.89, 0.43, 0.72)",66.6590592402043,63.23043497733076,2.0
U0050,AR_Glasses,37.2333493793905,-121.81625145657412,2024-01-01 00:04:05,Object_B,Gaze,1.0,11.770801213511568,"(-0.23, -0.21, 0.62)",52.0027302912485,102.24897769307296,1.0
U0051,HTC_Vive,37.79978785083707,-121.87886980696989,2024-01-01 00:04:10,UI_Panel,Voice,1.0,1.0132677124144909,"(0.11, 0.88, 0.02)",101.80897836164847,61.18234371280056,1.0
U0052,Oculus_Quest,37.85814303546589,-121.89882578699513,2024-01-01 00:04:15,Object_A,Voice,1.0,1.573203310227469,"(0.44, 0.56, -0.92)",127.98097221903282,200.89169681365948,2.0
U0053,HTC_Vive,37.01858857703178,-121.72895633996113,2024-01-01 00:04:20,Object_A,Voice,1.0,1.978511399893667,"(0.42, -0.36, -0.70)",63.5390088445456,10.652077397341705,4.0
U0054,AR_Glasses,37.56224820765538,-122.30824529544778,2024-01-01 00:04:25,Avatar,Voice,1.0,0.6340835649111516,"(0.65, -0.01, 0.21)",164.6267102192439,81.61593957353773,4.0
,AR_Glasses,37.76525612064292,-121.79466304688684,2024-01-01 00:04:30,Object_B,Gaze,0.0,4.120616398123771,"(0.33, 0.03, -0.72)",106.98241836147034,114.3965043311251,3.0
U0056,Oculus_Quest,37.883959346732006,-121.74823079047663,2024-01-01 00:04:35,Environment,Gaze,1.0,6.877827536510449,"(-0.79, -0.85, 0.47)",67.67558386525562,27.490026116849883,3.0
U0057,,37.08755515253207,-122.28091145893853,,Object_A,Pointer,0.0,1.8578189315837284,"(-0.66, 0.33, 0.15)",132.41088558000874,30.917733794407344,2.0
U0058,,37.3942652569876,-122.40929616018329,2024-01-01 00:04:45,Object_B,Gaze,1.0,1.2984229504083002,"(0.77, -0.85, -0.06)",69.01672966358876,67.47116817193485,3.0
U0059,HTC_Vive,37.438041708465185,-121.78140988333007,2024-01-01 00:04:50,Environment,Voice,1.0,8.754304528312725,"(-0.94, -0.63, -0.75)",103.92949449387766,,3.0
U0060,AR_Glasses,37.233458207027276,-121.66417833012005,2024-01-01 00:04:55,Environment,Gaze,1.0,1.6628619583672417,"(0.67, 0.07, -0.31)",105.73756953511923,36.19903047831624,3.0
U0061,,37.94269167001335,-122.35558890959013,2024-01-01 00:05:00,Object_B,Pointer,1.0,1.5888168049027576,"(-0.77, -0.61, -0.56)",41.110493999298235,42.2092131580931,4.0
U0062,AR_Glasses,37.39105844458244,-122.32716956879297,2024-01-01 00:05:05,Object_A,Pointer,1.0,1.1694844025723352,"(-0.71, 0.97, 0.24)",196.20302507650047,34.223403119922075,4.0
U0063,Oculus_Quest,37.55209490213683,-122.28495361336768,2024-01-01 00:05:10,Avatar,Pointer,0.0,0.20942493505067802,"(0.93, -0.06, -0.81)",115.22329826655437,35.47471472560721,3.0
U0064,HTC_Vive,37.540922489811265,-122.001098464509,2024-01-01 00:05:15,Avatar,Pointer,1.0,2.5247552116977485,"(0.44, -0.31, -0.77)",105.52019795284471,30.141163144847148,3.0
U0065,HTC_Vive,37.00324531000595,-121.73873804928549,2024-01-01 00:05:20,Avatar,Gaze,1.0,2.7217729282416703,"(-0.63, 0.82, -0.11)",131.74839628232536,218.65350133761535,4.0
U0066,Oculus_Quest,37.885229532060315,-121.78282251821813,2024-01-01 00:05:25,UI_Panel,Gesture,1.0,1.5494029167051926,"(-0.22, -0.20, -0.37)",144.18458268752923,61.7091399163233,5.0
U0067,HTC_Vive,37.76087118366084,-122.10009882993118,2024-01-01 00:05:30,UI_Panel,Gesture,1.0,0.6134570297391414,"(0.07, 0.21, 0.12)",363.58029754737026,69.84253031056961,3.0
U0068,HTC_Vive,37.85248554138672,-122.07689374781924,2024-01-01 00:05:35,Object_B,Gesture,0.0,1.0162016219017644,"(-0.00, 0.50, -0.99)",47.43008044334588,108.3350069353966,5.0
U0069,HTC_Vive,37.467224422740195,-122.16476705831909,2024-01-01 00:05:40,Object_A,Voice,1.0,3.8606576969025435,"(0.25, 0.43, 0.43)",108.13588174988693,68.14906305524704,4.0
U0070,Oculus_Quest,37.20354273308099,,2024-01-01 00:05:45,Environment,Pointer,0.0,0.609381005221274,"(-0.99, 0.66, -0.79)",40.58529686060347,89.15510572800932,1.0
U0071,Oculus_Quest,37.86363584828983,-122.38877580588422,2024-01-01 00:05:50,UI_Panel,Gesture,1.0,0.8969852041637241,"(-0.62, -0.71, -0.23)",77.17326806640266,152.31312813532438,4.0
U0072,HTC_Vive,37.77157820291627,-121.510968819321,2024-01-01 00:05:55,Environment,Pointer,1.0,3.2127101004552108,"(-0.31, -0.11, 0.33)",44.60051243306485,61.42995132835395,4.0
U0073,AR_Glasses,37.20862076644041,-122.49580384873228,2024-01-01 00:06:00,Environment,Pointer,1.0,3.17277115874844,"(-0.00, 0.57, 0.47)",52.27484232119671,41.986553830242045,2.0
U0074,HTC_Vive,37.564370439577814,-122.18724748916256,2024-01-01 00:06:05,Object_A,Gesture,1.0,0.5746093409142049,"(-0.40, -0.91, -0.94)",82.45704390612086,42.16232470295055,3.0
U0075,AR_Glasses,37.683029882981636,-121.6342915030229,2024-01-01 00:06:10,Object_B,Gaze,1.0,1.1201762889885785,"(0.19, 0.78, 0.64)",67.33532209902222,23.509006566529905,4.0
,HTC_Vive,37.85982635705473,-121.97443156800247,2024-01-01 00:06:15,Object_B,Gesture,1.0,0.6990031112937574,"(-0.73, -0.23, 0.16)",111.62076941639815,59.15298138657642,4.0
U0077,AR_Glasses,37.6938237612643,-122.40386597750881,2024-01-01 00:06:20,Avatar,Voice,1.0,0.611859174416551,"(-0.95, -0.85, 0.39)",104.097774634202,162.26627642226072,3.0
U0078,HTC_Vive,37.60965377613587,-122.06504041165456,2024-01-01 00:06:25,Avatar,Pointer,1.0,,"(0.16, -0.24, -0.02)",72.64432094957378,80.47041092712091,3.0
U0079,AR_Glasses,37.393799036253995,-122.06901253397687,2024-01-01 00:06:30,Object_B,Pointer,1.0,5.135327849801678,"(-0.18, -0.36, -0.16)",15.404055598908965,71.36291312972637,4.0
U0080,Oculus_Quest,37.27622963616484,-121.58787823499392,2024-01-01 00:06:35,Object_B,Gesture,1.0,1.939391856973357,"(0.73, -0.87, 0.03)",88.83220618948594,153.17761771515424,2.0
U0081,HTC_Vive,37.87528349197487,-121.75952808160119,2024-01-01 00:06:40,Avatar,Gesture,1.0,2.1135416578058823,"(0.96, -0.05, -0.54)",66.69085006186533,45.27278183022048,5.0
U0082,Oculus_Quest,37.5908531742514,-121.5859724114829,2024-01-01 00:06:45,Avatar,,1.0,1.917291550346375,"(0.87, 0.31, -0.49)",53.121016270532124,98.86692359547526,5.0
U0083,Oculus_Quest,37.683904958327176,-122.1573902344501,,Environment,Voice,1.0,4.5926946323380315,"(-0.09, -0.98, -0.88)",98.15752713631106,259.6182539498314,3.0
U0084,HTC_Vive,37.82194655472042,-121.72092957591397,2024-01-01 00:06:55,Environment,Voice,1.0,1.7343483861826678,"(-0.45, -0.55, -0.26)",90.60361491777168,94.42170222933022,4.0
U0085,AR_Glasses,37.34106424113694,-121.55246272180199,2024-01-01 00:07:00,Avatar,Pointer,1.0,2.976024695752534,"(-0.10, -0.06, -0.60)",70.96454775575053,15.48343612663383,4.0
U0086,AR_Glasses,37.10800264179784,-121.59656668239833,2024-01-01 00:07:05,Object_B,Pointer,1.0,8.85475319519795,"(0.29, -0.24, 0.96)",50.47588141703403,48.91436507584437,4.0
U0087,AR_Glasses,37.82483176083839,-121.92237116467827,2024-01-01 00:07:10,Avatar,Gesture,1.0,1.3476598569948548,"(-0.57, 0.45, 0.66)",115.16672306720024,54.85660858724028,4.0
U0088,AR_Glasses,37.035970699938716,-122.02060513033224,2024-01-01 00:07:15,UI_Panel,Voice,1.0,1.5802109920079457,"(-0.48, -0.35, -0.58)",44.33315325152645,68.92068418185727,5.0
U0089,Oculus_Quest,37.397543350081556,-121.74785443307705,,Object_B,Voice,1.0,1.6071582613568411,"(0.36, -0.78, 0.79)",73.31406768372187,51.09650426693478,3.0
U0090,AR_Glasses,37.90148338188555,-122.32435345424064,2024-01-01 00:07:25,UI_Panel,Voice,1.0,,"(-0.75, -0.58, 0.05)",36.96034345364777,88.89069395718192,3.0
U0091,HTC_Vive,37.39039201314695,-122.1777168263293,2024-01-01 00:07:30,Object_A,Voice,1.0,4.791003563202147,"(-0.41, -0.07, -0.98)",70.55809055181506,77.309229157033,3.0
U0092,Oculus_Quest,37.885829834016185,-121.68578488408379,2024-01-01 00:07:35,Environment,Gaze,1.0,0.7495673409684502,"(-0.82, -0.54, -0.44)",52.82773433643157,117.085363597021,3.0
U0093,HTC_Vive,,-122.01432247264133,2024-01-01 00:07:40,Avatar,Gesture,1.0,0.46518111450069866,"(-0.84, 0.26, 0.13)",173.15559520262636,96.61938892321334,
U0094,Oculus_Quest,37.52507170824133,-121.77066448526898,2024-01-01 00:07:45,Object_A,Gesture,0.0,2.504883660271805,"(-0.49, -0.09, 0.70)",103.06779285882659,35.754563164171735,4.0
U0095,Oculus_Quest,37.42652144644478,-122.2721057489239,2024-01-01 00:07:50,Avatar,Gaze,1.0,0.8367427665377931,"(-0.24, 0.90, 0.86)",171.8362983566561,85.67665501629092,3.0
U0096,,37.016689277910736,-122.19576362741309,2024-01-01 00:07:55,Environment,Gesture,1.0,3.199970043564298,"(0.68, 0.48, -0.41)",47.83461052544151,49.270547300780066,5.0
U0097,AR_Glasses,37.46535770572197,-122.4022488767931,2024-01-01 00:08:00,Avatar,Gesture,1.0,0.5224115899903532,"(0.52, -0.33, 0.58)",59.07690329738143,70.84935526435306,4.0
U0098,AR_Glasses,37.97219658626792,-121.96816643364652,2024-01-01 00:08:05,Avatar,Gesture,1.0,,"(0.15, 0.39, -0.38)",99.11766414716486,38.86159316036991,3.0
U0099,HTC_Vive,37.83681943234695,-122.23598214233144,2024-01-01 00:08:10,Object_B,Voice,1.0,1.0955475848054668,"(-0.75, 0.54, -0.98)",49.643555420628914,109.15445394812801,4.0
U0100,Oculus_Quest,37.10005213607681,-122.10416409554475,2024-01-01 00:08:15,Avatar,Gesture,1.0,0.6130753312356918,"(0.67, -0.79, -0.52)",202.51047108015845,36.298236267888235,3.0
U0101,AR_Glasses,37.806520852095545,-122.26646221923271,2024-01-01 00:08:20,Object_B,Pointer,0.0,1.0913956024346791,"(-0.76, -0.50, 0.84)",67.04167006136626,60.96879419972146,5.0
U0102,Oculus_Quest,37.438603012841085,-122.37907577972713,2024-01-01 00:08:25,Avatar,Pointer,0.0,0.92359946606688,"(-0.71, 0.91, -0.05)",56.48455338290597,67.20484465878219,4.0
U0103,AR_Glasses,37.938511714932055,-121.74374785570905,2024-01-01 00:08:30,UI_Panel,Gesture,1.0,4.233136171668605,"(0.82, -0.33, 0.69)",89.06178574948477,59.357118495644826,2.0
U0104,Oculus_Quest,37.43005798988815,-121.76176687994504,2024-01-01 00:08:35,Object_A,Pointer,1.0,0.3757393489728738,"(-0.94, -0.47, 0.58)",133.18071176109245,73.04093896512961,3.0
U0105,Oculus_Quest,37.6116799379022,-121.61148574890328,2024-01-01 00:08:40,Object_B,Gaze,1.0,1.1756596706421167,"(0.60, -0.32, 0.97)",159.8594026538384,110.28510643953514,4.0
U0106,Oculus_Quest,37.2134476703431,-121.64816944437482,2024-01-01 00:08:45,Avatar,Pointer,1.0,1.2595924916126082,,24.151643442646378,75.26494664923737,3.0
U0107,Oculus_Quest,,-122.08159882100884,2024-01-01 00:08:50,UI_Panel,Voice,0.0,2.3897090531864,"(0.83, 0.77, 0.97)",75.89230078951319,40.73071914715653,2.0
U0108,HTC_Vive,37.1151006178688,-122.36414887780177,2024-01-01 00:08:55,Object_A,Pointer,0.0,1.6956711449795,"(0.26, 0.29, -0.41)",84.30697115578349,55.57372701924418,
U0109,Oculus_Quest,37.32708767225741,-121.8562160393142,,Environment,Gesture,0.0,2.190519575592809,"(0.20, 0.60, -0.30)",50.35199763005293,44.4704108765114,5.0
U0110,HTC_Vive,,-122.3660039866145,2024-01-01 00:09:05,Object_B,Pointer,1.0,0.7926226908633189,"(0.29, 0.70, 0.38)",92.11680336335776,21.630315409935054,4.0
U0111,Oculus_Quest,37.82077160461068,-122.36128819398449,2024-01-01 00:09:10,Object_A,Gesture,1.0,0.9990687974423778,"(-0.71, 0.50, -0.45)",200.8591235531775,167.36951272183984,2.0
U0112,AR_Glasses,37.49506264235559,-122.41218313518438,2024-01-01 00:09:15,Environment,Pointer,1.0,1.9751201821628206,"(0.89, -0.33, 0.57)",108.11189642346446,24.064473156155362,4.0
U0113,HTC_Vive,37.04874129077657,-121.6656760392777,2024-01-01 00:09:20,Avatar,Pointer,1.0,0.18494584887073773,"(-0.28, -0.56, 0.31)",54.06549468873598,33.330719275333614,4.0
U0114,Oculus_Quest,37.471806996014344,-121.94594699664043,2024-01-01 00:09:25,Object_B,Gaze,1.0,0.9713487834761712,"(0.62, 0.78, 0.94)",61.63464799926188,54.891587372455696,3.0
U0115,HTC_Vive,37.41974461597456,-122.04238423721412,,UI_Panel,Voice,0.0,0.6636286358068426,"(-0.22, 0.91, -0.80)",296.8875249165244,35.063279526601384,3.0
U0116,Oculus_Quest,37.368183687708715,-121.95500164529335,2024-01-01 00:09:35,UI_Panel,,,0.4218960527507059,"(-0.95, -0.61, 0.95)",88.22342702578709,96.27860913063188,5.0
U0117,HTC_Vive,37.1840083351471,-121.89115687636621,2024-01-01 00:09:40,Environment,Gesture,1.0,4.7416977059049055,"(0.20, 0.98, 0.58)",113.95597312264782,55.27070717331199,3.0
U0118,Oculus_Quest,37.412969086815245,-121.81826409007232,2024-01-01 00:09:45,Avatar,Voice,1.0,0.18876254077904658,"(0.24, 0.37, -0.76)",142.87245557939448,28.51890430209636,2.0
U0119,AR_Glasses,37.756946463812696,-121.59691819604181,2024-01-01 00:09:50,Avatar,Voice,1.0,1.4868870469692945,"(-0.19, -0.60, -0.73)",38.88144355519627,,2.0
U0120,Oculus_Quest,37.01748953893017,-121.51890363145657,2024-01-01 00:09:55,Environment,Gesture,0.0,,"(-0.84, -0.49, -0.11)",106.14374825308774,33.183927335792816,3.0
U0121,Oculus_Quest,37.675785403436606,-122.39995448030623,2024-01-01 00:10:00,Environment,Gesture,1.0,1.869904196909433,"(-0.62, 0.98, 0.46)",181.6002023505483,48.87876481153616,2.0
U0122,AR_Glasses,37.35458496207,-122.27966236794262,2024-01-01 00:10:05,Environment,,0.0,0.6831489100238671,"(-1.00, 0.53, 0.17)",234.3044912299861,48.452416792322516,3.0
U0123,AR_Glasses,37.928339777166464,-121.89109549196462,2024-01-01 00:10:10,Object_B,Gaze,1.0,1.1314258347451562,"(-0.10, -0.61, -0.92)",73.16686659953933,102.87903028127505,5.0
U0124,Oculus_Quest,37.38173681057204,-121.53468657430854,2024-01-01 00:10:15,Object_A,Voice,,3.792466518707008,"(0.83, 0.06, 0.84)",230.63180676377124,78.68305662800945,4.0
U0125,AR_Glasses,37.28410266060233,-121.59028436145131,2024-01-01 00:10:20,Avatar,Pointer,1.0,2.4049668029995557,"(0.61, 0.17, -0.10)",74.28250231754984,62.295041216737474,4.0
U0126,Oculus_Quest,37.24544332583775,-121.79284627813655,2024-01-01 00:10:25,Object_B,Gaze,0.0,1.9339591057416232,"(-0.10, -0.90, 0.71)",82.71688614165598,199.78054971578513,3.0
U0127,AR_Glasses,37.4559286925362,-122.38301147835828,2024-01-01 00:10:30,Object_A,Pointer,1.0,1.220302674317978,"(0.85, -0.62, -0.79)",52.12576572399069,29.214347060750203,2.0
U0128,HTC_Vive,37.48326199909777,-121.76588125511306,2024-01-01 00:10:35,UI_Panel,Gesture,1.0,6.0797628122449225,"(-0.27, -0.36, -0.74)",48.53613074475838,112.70294014423152,3.0
U0129,Oculus_Quest,37.52430189000233,-122.11737066753709,2024-01-01 00:10:40,UI_Panel,Gesture,1.0,,"(-0.92, -0.13, -0.56)",57.401402269952285,55.81851431953304,2.0
U0130,AR_Glasses,37.94533285759206,-122.03922218725936,2024-01-01 00:10:45,Object_A,Pointer,1.0,2.1105768378034067,"(-0.68, -0.59, -0.02)",101.91702493517504,38.3718129013665,4.0
U0131,AR_Glasses,37.75677994369739,-122.49994688246616,2024-01-01 00:10:50,UI_Panel,Pointer,0.0,0.5828234754684749,"(0.17, 0.18, 0.17)",153.68201342543318,39.029930974412814,5.0
U0132,AR_Glasses,37.43567186471551,-122.28138495617142,2024-01-01 00:10:55,Object_A,Voice,1.0,1.7161776106964037,"(-0.31, 0.68, 0.07)",56.61724776395169,92.75869488032232,3.0
U0133,Oculus_Quest,37.58287735391065,-122.07918632512816,2024-01-01 00:11:00,Object_A,Gesture,1.0,1.6829895877761896,"(0.35, -0.15, 0.14)",133.67103758703345,14.513624063212285,2.0
U0134,AR_Glasses,37.900947649776356,-121.64709206833818,2024-01-01 00:11:05,Object_B,Gaze,1.0,2.1850830189860044,"(0.68, 0.04, 0.95)",50.66850923046154,98.20018614094761,3.0
U0135,HTC_Vive,37.442339590122764,-122.18458070230987,2024-01-01 00:11:10,UI_Panel,Pointer,1.0,1.5332725483921485,"(-0.35, -0.51, -0.96)",188.55080053581207,29.765468875636785,1.0
U0136,Oculus_Quest,37.737460436785874,-121.7926495619758,2024-01-01 00:11:15,Object_A,Gesture,1.0,5.747250073513734,"(-1.00, -0.77, -0.54)",47.884046710758405,177.3368102180455,3.0
U0137,Oculus_Quest,37.496989096808406,-122.22869955873595,2024-01-01 00:11:20,UI_Panel,Gaze,1.0,1.3770441525829855,"(0.09, -0.21, 0.53)",59.7921206982964,67.54656236330456,4.0
U0138,Oculus_Quest,37.4713439503651,-122.38521384092502,2024-01-01 00:11:25,Avatar,Pointer,1.0,0.7645539451549398,"(-0.51, 0.48, 0.97)",47.57596406195582,35.29607453806885,4.0
U0139,HTC_Vive,37.179603846072915,-122.2572945315905,2024-01-01 00:11:30,Avatar,Voice,1.0,0.8524653913506809,"(0.89, 0.19, 0.53)",40.25335441790942,50.62044655774235,4.0
U0140,HTC_Vive,37.321012622461154,-122.26557478626275,2024-01-01 00:11:35,Object_B,Voice,0.0,2.3598316879036005,"(-0.48, 0.24, -0.50)",82.15050229808413,35.949711882760845,3.0
U0141,HTC_Vive,37.7452917278111,-121.57786307917313,2024-01-01 00:11:40,UI_Panel,Pointer,0.0,6.145457173679722,"(0.41, -0.81, -0.18)",205.74651798294397,21.966588103904073,3.0
U0142,Oculus_Quest,37.88149150037188,-122.2839101888643,2024-01-01 00:11:45,Object_B,Pointer,1.0,2.9213057529170823,"(0.67, 0.14, 0.37)",,33.94814377996535,2.0
U0143,HTC_Vive,37.10512688680996,-121.77319466030045,2024-01-01 00:11:50,Environment,Voice,1.0,2.4406243947423016,"(0.11, 0.83, -0.03)",34.379598925454516,48.31987367426343,2.0
U0144,AR_Glasses,37.81144701058375,-122.3302831547123,2024-01-01 00:11:55,Environment,Gesture,1.0,0.7326006231798539,"(-0.77, 0.31, -0.37)",38.66770294085276,63.248929862822685,5.0
U0145,HTC_Vive,37.77240729436801,-121.80546471675653,2024-01-01 00:12:00,UI_Panel,Pointer,1.0,,"(-0.34, -0.85, 0.23)",58.45426501118938,44.84713893040036,2.0
U0146,HTC_Vive,37.52816212490103,-121.74088577195538,2024-01-01 00:12:05,UI_Panel,Voice,1.0,2.155883944137288,"(-0.22, -0.10, 0.63)",68.72412871257029,129.49426271074665,3.0
U0147,HTC_Vive,37.284487814239064,-121.92131219724826,2024-01-01 00:12:10,UI_Panel,Voice,1.0,3.483903642860588,,93.06861120485236,161.68958115885974,1.0
U0148,HTC_Vive,37.32407519802254,-121.64479555311989,2024-01-01 00:12:15,Object_A,Voice,1.0,0.5071437977051896,"(0.67, -0.64, 0.70)",171.51974357851006,71.56349658616189,1.0
U0149,HTC_Vive,37.063483635885724,-121.59462594564862,2024-01-01 00:12:20,Avatar,Gaze,1.0,0.5994230600424334,"(1.00, 0.42, -0.10)",83.82791098967252,76.52717725350126,2.0
U0150,HTC_Vive,37.587985951341494,-122.4021722405717,2024-01-01 00:12:25,UI_Panel,Gaze,1.0,1.5170729185929657,"(-0.05, -0.94, -0.75)",60.24227102174915,39.69555768308375,4.0
U0151,AR_Glasses,37.330041088576884,-121.70563496309785,2024-01-01 00:12:30,Environment,Pointer,0.0,0.9093988454879983,"(-0.41, 0.14, 0.01)",75.73136140720553,98.69240920661063,4.0
U0152,Oculus_Quest,37.88555128731002,-121.803126898973,2024-01-01 00:12:35,Environment,Voice,1.0,0.5940377290648685,"(0.36, 0.21, 0.11)",140.5487087237575,69.10476861932223,5.0
U0153,Oculus_Quest,37.33764156918054,-122.11161087115885,2024-01-01 00:12:40,UI_Panel,Pointer,0.0,0.7911788706164896,"(0.39, -0.57, 0.54)",56.21050977581394,105.39002672635856,4.0
U0154,Oculus_Quest,37.72376347565348,-122.4059772915482,2024-01-01 00:12:45,UI_Panel,Pointer,1.0,0.6880262112643623,"(-0.48, 0.85, 0.01)",121.89606898846657,22.685625741004877,3.0
U0155,Oculus_Quest,37.49027771651443,-121.86200857385201,2024-01-01 00:12:50,Environment,Gaze,1.0,4.5257577831510325,"(-0.91, 0.98, -0.90)",43.175679921366196,27.193983177500204,2.0
U0156,Oculus_Quest,37.48649909715194,-122.39250318927289,2024-01-01 00:12:55,Object_A,Pointer,,3.021586671135216,"(-0.70, 0.33, 0.59)",80.90282881110022,78.85111178287275,3.0
U0157,Oculus_Quest,37.13038856628194,-122.47987998456902,2024-01-01 00:13:00,Object_B,Gaze,1.0,2.1507695478453175,"(0.57, -0.41, -0.78)",53.9282521459754,41.12131159417012,4.0
U0158,AR_Glasses,37.80138338544763,-121.59556868640361,2024-01-01 00:13:05,Object_B,Gesture,1.0,3.3921329386276664,"(0.67, -0.71, -0.49)",96.30616876244143,75.64617855101906,3.0
U0159,Oculus_Quest,37.577432814713376,,2024-01-01 00:13:10,Environment,Gesture,1.0,1.2603231663946322,"(0.27, 0.10, 0.51)",104.7266326717502,52.58421442299453,3.0
U0160,HTC_Vive,37.502406387713705,-121.57752663589056,2024-01-01 00:13:15,Object_A,Voice,1.0,1.2800093343039178,"(0.63, 0.11, 0.27)",60.93554865865132,127.37124287239229,4.0
U0161,HTC_Vive,37.004544967700305,-122.22379772497497,2024-01-01 00:13:20,Object_B,Voice,1.0,2.1085341353377434,"(-0.37, -0.82, -0.12)",78.48097952252094,31.80067996716084,3.0
U0162,Oculus_Quest,37.39330686269915,-121.57134015283118,2024-01-01 00:13:25,Object_B,Gaze,0.0,2.255897100627379,"(0.26, -0.45, -0.12)",80.88171784533283,41.95716967155644,3.0
U0163,AR_Glasses,37.020100753903314,-122.38161657458409,2024-01-01 00:13:30,Environment,Pointer,1.0,2.728723475573521,"(-0.69, 0.67, -0.33)",33.143578281335635,53.739910109316966,4.0
U0164,HTC_Vive,37.14522576580615,-121.84976047302142,2024-01-01 00:13:35,Avatar,Gesture,0.0,1.652700597796727,"(0.37, -0.42, 0.16)",86.02477284754967,38.22638029812819,3.0
U0165,Oculus_Quest,37.025367691003865,-121.57137261578455,2024-01-01 00:13:40,Object_B,Gesture,1.0,0.7102468145625894,"(0.01, -0.33, 0.57)",46.556149336293984,21.17741664717094,4.0
U0166,Oculus_Quest,37.66212945934936,-121.65593036196906,2024-01-01 00:13:45,Object_B,Voice,1.0,1.9016599070909272,,64.88962580277044,35.70657495144187,3.0
U0167,Oculus_Quest,37.290433830594985,,2024-01-01 00:13:50,Object_A,Pointer,1.0,0.8198093720119229,"(0.46, 0.71, 0.34)",28.329141058836,37.224296428745475,3.0
U0168,HTC_Vive,37.413983093314805,-121.67586936483055,2024-01-01 00:13:55,Environment,Gesture,1.0,0.11752097170553429,"(-0.90, -0.98, 0.83)",65.28990198503436,123.93029279860075,3.0
U0169,HTC_Vive,37.54188266114294,-121.66721359217112,2024-01-01 00:14:00,UI_Panel,Gesture,0.0,1.4293711999378316,"(0.47, 0.04, 0.32)",68.13400102272763,14.366012004218199,4.0
U0170,Oculus_Quest,37.69439559309198,-121.59617771425997,2024-01-01 00:14:05,Object_B,Pointer,0.0,0.5398126937565296,"(0.57, -0.71, 0.94)",112.5419642799435,25.321535955318918,1.0
U0171,HTC_Vive,37.06404183667587,-122.1070217733514,2024-01-01 00:14:10,Object_B,Gesture,1.0,1.0075245191140687,"(0.62, 0.57, -0.80)",86.83151712293802,59.446056289079394,3.0
U0172,AR_Glasses,37.56868582392228,-121.84903349051046,2024-01-01 00:14:15,Environment,Gaze,1.0,1.3020847435916951,"(0.37, -0.86, -0.72)",248.87117874817898,180.43155620074052,3.0
U0173,Oculus_Quest,37.518165703782714,-122.37054364676948,2024-01-01 00:14:20,Avatar,Gaze,1.0,2.794735192653896,"(-0.50, 0.92, -0.09)",179.68851160937768,124.84588808411718,2.0
U0174,HTC_Vive,37.81826584091153,-121.86905078226675,2024-01-01 00:14:25,Object_A,Voice,1.0,0.871583600417616,"(0.30, -0.01, -0.31)",37.599572344810746,58.86483631481649,4.0
U0175,HTC_Vive,37.504167108247955,-121.72182832150271,2024-01-01 00:14:30,Object_B,Gaze,1.0,6.280869426118412,"(-0.05, 0.59, -0.30)",243.0048516675896,48.551207361951725,5.0
U0176,AR_Glasses,37.58658564651632,-122.12438029613864,2024-01-01 00:14:35,Object_A,Gaze,1.0,0.935920485817698,"(0.69, 0.16, 0.23)",69.56949329660237,104.38041814746543,3.0
U0177,Oculus_Quest,37.752663196913865,-121.92108446663548,2024-01-01 00:14:40,Object_B,Gesture,1.0,3.933503437522121,"(0.79, 0.05, 0.89)",72.96837177071606,45.11429612671248,4.0
U0178,Oculus_Quest,37.078808085327545,-122.44825247828238,2024-01-01 00:14:45,UI_Panel,Pointer,1.0,1.4617604425755477,"(0.88, 0.76, -0.27)",98.12155327808861,41.00478708810757,3.0
,AR_Glasses,37.71224105880707,-122.20468003944801,2024-01-01 00:14:50,UI_Panel,Gaze,0.0,0.7602656331678788,"(-0.57, -0.96, 0.59)",130.07783551122924,55.73694489971938,3.0
U0180,HTC_Vive,37.28948426513968,-122.365304004506,2024-01-01 00:14:55,Environment,Gesture,1.0,1.9833303463159337,"(0.32, -0.94, 0.61)",113.19746830218769,32.8328454785858,4.0
U0181,Oculus_Quest,37.35361811468162,-122.11720550602746,2024-01-01 00:15:00,Environment,Gaze,1.0,0.8040778251083919,"(0.58, 0.04, 0.00)",68.0486390174963,77.16023512311567,2.0
U0182,Oculus_Quest,37.66132446212827,-121.57993001156804,2024-01-01 00:15:05,Object_A,Gaze,0.0,0.7221168378022238,"(0.47, -0.15, -0.74)",123.3969411183543,46.732493936449536,4.0
U0183,AR_Glasses,37.4920770074567,-121.68831317633405,2024-01-01 00:15:10,UI_Panel,Gesture,1.0,2.0933564202614354,"(0.39, 0.85, -0.24)",51.700073617639006,27.993901125108977,3.0
U0184,AR_Glasses,37.4831120147211,-122.29420929782066,2024-01-01 00:15:15,Environment,Voice,1.0,6.872032487163336,"(0.47, -0.34, 0.19)",180.6852201055619,258.39906273669936,3.0
U0185,AR_Glasses,37.976910747429976,-122.32386531086743,2024-01-01 00:15:20,UI_Panel,Gesture,0.0,0.6193013787240736,"(0.24, -0.45, -0.38)",38.46266097527971,33.77535805723866,4.0
U0186,HTC_Vive,37.219523723651044,-121.86484529272497,2024-01-01 00:15:25,Environment,Gaze,1.0,,"(-0.22, 1.00, -0.69)",213.92247679322386,103.40512937622213,3.0
U0187,Oculus_Quest,37.270364449307586,-122.2348358800639,2024-01-01 00:15:30,Environment,Pointer,1.0,0.7227097113623951,"(-0.62, -0.65, 0.94)",37.555171552780365,32.80892780040603,4.0
U0188,AR_Glasses,37.36544843170376,-122.06038654409936,2024-01-01 00:15:35,Object_B,Voice,0.0,0.34253807479091264,"(0.83, -0.88, -0.45)",32.65003432613816,39.04735920289584,2.0
U0189,HTC_Vive,37.46800683428702,-122.45579822598332,2024-01-01 00:15:40,Environment,Voice,1.0,0.41540302445369937,"(0.72, -0.85, 0.79)",63.86031232192238,44.220781910323296,3.0
U0190,AR_Glasses,37.259123375409544,-121.88542118151338,2024-01-01 00:15:45,Object_A,Voice,1.0,1.7972210977372556,"(-0.53, -0.34, -0.49)",50.804425974410655,187.0658079567524,1.0
U0191,AR_Glasses,37.735026842824034,-122.37042081661522,2024-01-01 00:15:50,Object_A,Voice,0.0,1.179570833021528,"(0.68, -0.94, -0.12)",114.60233856886673,79.45614114077091,4.0
U0192,HTC_Vive,37.59521239502416,-121.63449066201638,2024-01-01 00:15:55,Object_A,Gesture,1.0,9.423537605041052,"(-0.22, -0.53, -0.00)",53.363552040159014,41.602549066201924,4.0
U0193,Oculus_Quest,37.076744124826554,-122.00870946709368,2024-01-01 00:16:00,Object_A,Voice,1.0,1.1077616231538692,"(0.86, -0.49, -0.03)",132.41307328408266,122.41366119251988,5.0
,Oculus_Quest,37.52382130399092,,2024-01-01 00:16:05,Object_B,Gaze,1.0,0.39963488747713277,"(0.03, 0.30, 0.35)",55.28541839061036,68.71480820307912,4.0
U0195,AR_Glasses,37.911905509981764,-122.04453766650613,2024-01-01 00:16:10,Avatar,Gesture,0.0,0.1982817133171008,"(-0.64, -0.54, 0.13)",213.93624719522566,42.60341567205149,2.0
U0196,Oculus_Quest,37.67677523769476,-121.66137975070731,2024-01-01 00:16:15,Avatar,Voice,1.0,0.5544459741594949,"(0.03, -0.73, -0.09)",289.7269424834928,40.250203840259886,
U0197,HTC_Vive,37.69332283064963,-121.59672740203784,2024-01-01 00:16:20,Object_B,Voice,1.0,0.6007184055971226,"(0.45, 0.23, 0.35)",84.29351922454276,34.52650629774951,1.0
U0198,AR_Glasses,37.29220078584316,-122.16364703202666,2024-01-01 00:16:25,Environment,Pointer,1.0,2.426960441645641,"(0.05, -0.03, 0.53)",19.426312359065484,24.8375453220551,
U0199,HTC_Vive,37.96424315181567,-122.03515478995521,2024-01-01 00:16:30,Avatar,Pointer,1.0,0.6663163393857706,"(-0.88, -0.62, 0.90)",172.5253859361191,46.284413318271284,3.0
U0200,AR_Glasses,37.88429696035614,-121.96322554104567,2024-01-01 00:16:35,Environment,Voice,1.0,6.027253165310035,"(0.02, -0.05, -0.79)",110.26170382778031,70.47722244865315,1.0
