User_ID,Session_ID,Timestamp,Event_Type,Event_Target,Click_X,Click_Y,Scroll_Depth_%,Dwell_Time_ms,Time_on_Page_s,Session_Length_s,Device_Type,Browser,Network_Speed_Mbps,Error_Code,Conversion
U00012,U00012_S3,2024-01-04 01:40:12,click,element_22,163.0,580.0,,,10.674243684406214,52.960176685930996,Mobile,Firefox,21.633323287578772,None,0.0
U00035,U00035_S1,2024-01-25 15:26:04,scroll,element_5,,,30.0,,17.084465514257133,32.41829313072323,Tablet,Edge,150.96218980853376,None,0.0
U00016,U00016_S2,2024-01-07 07:21:16,page_view,element_9,,,,2099.154823190687,43.05740305332674,78.40123783034633,Desktop,,21.697994102431494,None,1.0
U00035,U00035_S3,2024-01-28 05:46:08,click,element_42,1334.0,992.0,,,50.28822374467585,35.58505396904995,Tablet,Chrome,49.032339560491344,Timeout,0.0
U00016,U00016_S1,2024-02-27 07:27:15,form_submit,element_19,,,,,34.91344302865653,27.56782460340084,Tablet,Safari,16.89347973789891,404,0.0
U00043,U00043_S3,2024-01-08 20:04:09,click,element_24,1611.0,892.0,,,15.557617652729187,61.2922214269741,Mobile,Edge,41.15887976120649,None,0.0
U00042,U00042_S2,2024-02-07 05:00:55,form_submit,element_22,,,,,19.994121981455947,87.88957915871845,Mobile,Firefox,169.29021995787184,Timeout,0.0
U00027,U00027_S2,2024-01-20 09:14:01,form_submit,element_18,,,,,7.963792400366102,112.9554177836924,Tablet,Firefox,126.54516871878705,500,0.0
U00038,U00038_S3,2024-02-01 21:41:09,hover,element_47,78.0,1053.0,,599.4841411482321,19.3803982211805,296.54854797298896,Desktop,Firefox,13.16874359191799,None,0.0
U00038,U00038_S3,2024-02-06 09:22:09,form_submit,element_44,,,,,12.642546713859973,27.772401591757436,Desktop,Safari,34.52610145168337,500,0.0
U00044,U00044_S1,2024-03-15 22:53:49,click,element_42,958.0,489.0,,,38.738588188613605,46.63710345150603,Mobile,Chrome,18.951527417116484,None,0.0
U00032,U00032_S1,2024-02-05 21:24:02,form_submit,element_24,,,,,14.494374812940567,36.12708659562985,Mobile,Safari,234.45756561772427,None,0.0
U00026,U00026_S1,2024-03-18 13:10:44,click,element_19,698.0,625.0,,,4.279605506954091,184.59009255823906,Tablet,Safari,179.2082039580105,None,0.0
U00017,U00017_S3,2024-02-10 14:01:16,form_submit,element_28,,,,,66.76941652991358,55.853759808594205,Tablet,Edge,64.25059508629806,404,0.0
U00019,U00019_S2,2024-02-16 08:12:39,click,element_26,1809.0,986.0,,,25.240133517877794,43.67094944433529,Desktop,Edge,27.89457129132208,404,0.0
U00037,U00037_S1,2024-03-24 13:39:07,click,element_42,1164.0,430.0,,,8.824585753028709,67.2360505915544,Desktop,Firefox,29.10427835085229,Timeout,0.0
U00002,U00002_S3,2024-03-28 02:14:09,scroll,element_30,,,60.0,,56.702963599348344,170.239582986173,Mobile,Chrome,14.276000631984916,500,0.0
U00022,U00022_S3,2024-03-16 13:56:11,form_submit,element_1,,,,,74.11046719870211,39.6007188755353,Desktop,Safari,94.31945571009565,None,0.0
U00050,U00050_S3,2024-02-16 09:41:11,click,element_25,400.0,302.0,,,14.534370721141437,84.16772023201541,Tablet,Chrome,8.349382156047428,None,0.0
U00049,U00049_S3,2024-03-26 05:42:50,click,element_46,1096.0,460.0,,,,121.82104834856167,Mobile,Edge,20.6511807533899,500,0.0
U00004,U00004_S3,2024-03-13 20:09:26,,element_3,1153.0,993.0,,,25.666467002828142,88.55507650599793,Mobile,Firefox,53.23720974944752,None,0.0
,U00021_S3,2024-02-23 01:51:49,hover,element_41,119.0,991.0,,178.8881495428701,17.865098050176297,35.88011974517828,Tablet,Firefox,15.762102401647848,404,0.0
U00046,U00046_S1,2024-03-28 23:29:34,form_submit,element_33,,,,,50.63584829909682,66.70623361320405,Desktop,Safari,40.62072672807323,None,0.0
U00016,U00016_S3,2024-01-24 04:17:34,hover,element_29,380.0,535.0,,775.3699247514733,55.77522444520173,113.58953405351056,Desktop,Edge,181.69405328901036,Timeout,0.0
U00026,U00026_S2,2024-02-01 12:36:41,click,element_3,1147.0,481.0,,,36.54009921784591,25.99562446483053,Mobile,Safari,50.47428525327963,Timeout,0.0
U00041,U00041_S1,2024-01-19 20:27:27,click,element_23,733.0,1010.0,,,6.873526764172548,36.688844817760426,Desktop,Edge,39.26466164926816,404,0.0
U00027,U00027_S1,2024-01-19 00:40:21,page_view,element_5,,,,,6.008747869429796,123.56547805664633,Tablet,Edge,38.10312238913228,None,0.0
U00012,U00012_S3,2024-02-21 16:54:31,click,element_36,1192.0,35.0,,,21.92078328226985,31.617896986361053,Desktop,Chrome,20.754616802567416,500,0.0
U00041,U00041_S1,2024-01-22 18:36:57,form_submit,element_47,,,,,7.90375454588295,12.773252331942583,Tablet,Firefox,22.379853792713714,404,0.0
U00009,U00009_S2,2024-02-09 22:14:18,page_view,element_25,,,,1446.0388893356567,4.690023914405414,28.275686482831404,Tablet,Firefox,29.478013609475287,Timeout,0.0
U00034,U00034_S3,2024-01-11 10:08:16,scroll,element_41,,,27.0,,11.513747364549936,58.629131924391366,Mobile,Chrome,19.04934418075627,None,0.0
U00012,U00012_S1,2024-01-04 00:40:59,click,element_40,1634.0,57.0,,,16.96444878549456,150.69351822499243,Mobile,Firefox,23.865127263598573,Timeout,0.0
U00036,U00036_S1,2024-03-19 15:18:40,hover,element_44,1419.0,759.0,,1676.6005394945205,82.75805207960164,120.7526282354544,Desktop,Firefox,146.37583146474472,,0.0
U00026,U00026_S3,2024-01-12 00:41:57,scroll,element_29,,,59.0,,,64.90057890123146,Tablet,Edge,65.39745397234519,None,0.0
U00048,U00048_S2,2024-02-25 05:11:46,hover,element_6,1166.0,497.0,,1747.3058461713833,15.822244770331345,10.535777988771517,Mobile,Safari,44.775346560032716,None,0.0
U00003,U00003_S1,2024-01-25 10:52:31,page_view,element_19,,,,3326.022669206138,30.186759451371454,33.022740325457946,Tablet,Safari,12.08493422607498,404,0.0
U00027,U00027_S2,2024-01-19 13:30:39,page_view,element_22,,,,1537.5616604617874,6.6885168942469395,14.082600908375584,Tablet,Firefox,45.28281658361567,404,0.0
U00008,U00008_S1,2024-02-25 11:52:16,scroll,element_35,,,11.0,,,28.828801238427626,Mobile,Chrome,56.470663462344234,None,0.0
U00044,U00044_S2,2024-02-25 01:39:12,scroll,element_8,,,5.0,,9.713976576072556,38.840131840741066,Mobile,Chrome,19.245447216906744,None,0.0
U00050,U00050_S1,2024-01-18 18:43:29,click,element_3,434.0,367.0,,,5.181656476689797,81.60405469811957,Mobile,Chrome,11.640829085847777,500,0.0
U00022,U00022_S3,2024-03-13 23:41:25,click,element_28,1327.0,461.0,,,10.766568873723475,26.794103435294584,Desktop,,40.80417870819525,Timeout,0.0
U00020,U00020_S1,2024-03-22 23:37:03,click,element_29,557.0,219.0,,,112.40455072415598,68.5111414667925,Desktop,Firefox,23.16469602008159,None,0.0
U00045,U00045_S3,2024-01-09 18:34:07,form_submit,element_13,,,,,25.69153951666959,49.48321282311973,Mobile,Safari,70.08376371575339,None,0.0
U00040,U00040_S2,2024-03-01 09:08:53,hover,element_12,1447.0,650.0,,4523.098526060936,6.363138321292617,193.40204942028592,Mobile,Safari,5.694369627445079,404,0.0
U00041,U00041_S1,2024-01-17 18:45:41,form_submit,element_44,,,,,30.579849737335437,168.49040343222094,Desktop,Chrome,7.53462999528117,None,0.0
U00017,U00017_S3,2024-02-26 18:54:00,scroll,element_24,,,32.0,,25.637151720744644,57.70346546963403,Desktop,Safari,,None,0.0
,,2024-01-14 09:44:13,page_view,element_10,,,,4241.2863305746405,20.622661773229968,26.648476743581593,Tablet,Chrome,17.031543603977145,None,0.0
U00030,U00030_S3,2024-01-28 00:36:50,click,element_43,1872.0,349.0,,,16.63693369789019,22.99493692965278,Mobile,Chrome,66.19610272914578,404,0.0
U00035,U00035_S1,2024-03-11 17:44:47,scroll,element_26,,,79.0,,,36.407165267629004,Mobile,Firefox,38.84505191342926,None,0.0
U00005,U00005_S3,2024-03-08 14:28:49,click,element_49,358.0,153.0,,,16.868239534297462,48.69163923749134,,Chrome,78.81581403132972,None,0.0
U00027,U00027_S2,2024-03-05 06:54:34,hover,element_23,1261.0,943.0,,855.5507132097341,6.656655665170188,40.13065118951358,Desktop,Chrome,37.18882350098878,404,0.0
U00029,U00029_S1,2024-02-17 06:44:03,page_view,element_18,,,,197.4019564295688,9.437353894002422,92.61530631144302,Desktop,Edge,29.72834050038078,None,0.0
U00037,U00037_S1,2024-03-06 21:16:21,click,element_2,1051.0,614.0,,,32.30565949627852,91.61777227911811,Desktop,Chrome,22.806974230579158,500,0.0
U00019,U00019_S1,2024-03-20 04:43:44,hover,,1917.0,466.0,,437.93839023393605,10.376133484011051,70.41481697657593,,,71.3980821434381,Timeout,0.0
U00019,U00019_S3,2024-01-17 04:27:01,form_submit,element_31,,,,,,141.51134729674155,Desktop,Edge,31.926659988366442,,0.0
U00020,U00020_S2,2024-01-21 18:27:12,click,element_34,215.0,768.0,,,,201.11238128808844,Tablet,Edge,53.33331378700161,500,1.0
U00046,U00046_S2,2024-03-12 18:49:50,click,element_10,428.0,436.0,,,,60.33832840059945,Mobile,Firefox,28.096870598765392,500,0.0
U00005,,2024-01-04 21:56:29,scroll,element_6,,,65.0,,155.9032558858229,268.45229247238973,,Safari,39.67267296502501,500,0.0
U00025,U00025_S1,2024-02-21 17:29:44,scroll,element_25,,,1.0,,11.145140839088791,31.709820423287027,Desktop,Safari,5.8978878511046675,500,0.0
U00011,U00011_S2,2024-02-14 22:47:19,hover,element_13,681.0,311.0,,850.103555167159,19.714809251666424,40.27112040220214,Mobile,Safari,50.90290355447542,None,0.0
U00013,U00013_S3,2024-01-26 12:14:55,page_view,element_8,,,,3404.211199268489,56.476199357807666,25.966285782047652,Tablet,Chrome,32.91009232924011,404,0.0
U00028,U00028_S1,2024-01-30 14:49:03,hover,element_19,17.0,956.0,,420.84828342974987,16.437816743541593,48.832462209743966,Desktop,Safari,23.92632517916375,None,0.0
U00050,U00050_S2,2024-03-18 03:55:07,click,element_45,599.0,795.0,,,30.000450876713607,30.38643420560301,Mobile,Chrome,8.076921443856813,None,0.0
U00001,U00001_S2,2024-01-29 11:21:24,scroll,element_41,,,40.0,,14.45783663393226,45.47045582775277,Mobile,Edge,17.611188204924943,Timeout,1.0
U00001,U00001_S3,2024-02-08 21:49:18,form_submit,element_16,,,,,2.3393182406568043,30.932088110425735,Tablet,Safari,33.93337959947668,Timeout,0.0
U00021,U00021_S1,2024-01-19 20:28:10,click,element_28,1812.0,757.0,,,92.34034203766232,92.58120793827793,Desktop,Safari,66.92021108225552,None,0.0
U00003,U00003_S1,2024-03-02 16:16:38,hover,element_14,114.0,485.0,,3376.7728445310313,6.182303093291938,20.59480481757449,Desktop,Chrome,30.367104738884255,Timeout,0.0
U00017,U00017_S3,2024-03-30 13:01:30,page_view,element_48,,,,541.4676570443465,18.715116794759705,43.34159073400969,Desktop,Chrome,25.756789610648358,None,0.0
U00016,U00016_S2,2024-02-14 05:21:39,click,element_48,533.0,705.0,,,,14.810378564668085,Tablet,Chrome,23.47715031726345,Timeout,0.0
U00011,U00011_S3,2024-01-07 05:40:50,scroll,element_45,,,26.0,,25.932094613964814,66.1232695831573,Desktop,Firefox,4.443621985409304,404,0.0
U00030,U00030_S1,2024-01-19 13:49:07,form_submit,element_15,,,,,10.520041796691137,101.3282491721496,Mobile,Chrome,11.47710332549408,None,0.0
U00035,U00035_S2,2024-02-13 04:39:27,,element_46,,,75.0,,24.207537604909813,42.966131470533504,Mobile,Edge,,None,0.0
U00028,,2024-03-22 14:48:33,page_view,element_32,,,,2482.8150690483108,12.816308989197958,63.82617696388059,Desktop,Chrome,27.427775716021795,None,0.0
U00039,U00039_S2,2024-01-27 13:20:33,scroll,element_49,,,29.0,,42.00093574210688,109.12279943645237,Tablet,Safari,40.91729616085061,404,0.0
U00043,U00043_S1,2024-03-18 00:18:14,scroll,element_16,,,3.0,,4.807051034318233,140.74168400264702,Desktop,Safari,23.18073647814877,None,0.0
U00047,U00047_S1,2024-01-16 16:02:52,click,element_34,980.0,68.0,,,155.56290446757222,36.770584376510314,Mobile,Edge,37.92769631274048,500,0.0
U00011,U00011_S2,2024-03-28 15:00:51,form_submit,element_16,,,,,93.77092310561054,45.46049177643132,Tablet,Edge,5.791374322064362,None,0.0
U00009,U00009_S1,2024-01-22 03:22:21,hover,element_47,1498.0,149.0,,437.290185605646,32.34964089690279,96.30231752169387,Mobile,Firefox,102.88241339263564,None,0.0
U00019,U00019_S1,2024-02-19 09:01:19,hover,element_29,675.0,472.0,,3756.432333827333,38.748419793669434,57.46060770871656,Mobile,Chrome,27.865137033072287,500,0.0
U00033,U00033_S1,2024-02-11 19:28:05,,element_23,1366.0,752.0,,57.40855302749888,155.78328721301418,63.08680072810761,Mobile,Chrome,89.8431858825662,None,0.0
U00050,U00050_S2,,hover,element_10,1166.0,240.0,,529.6457199386309,11.45537104142868,151.64947833412054,Mobile,Chrome,23.862644354704486,Timeout,0.0
U00021,U00021_S2,2024-02-11 21:50:55,form_submit,element_27,,,,,85.75159136352251,72.1626579979538,Mobile,Firefox,16.33580559493578,500,0.0
U00007,U00007_S1,2024-01-26 20:12:43,click,element_40,1877.0,915.0,,,30.55024434432477,123.01172934438638,Tablet,Edge,26.886608556172245,500,0.0
U00038,U00038_S1,2024-01-26 15:25:31,click,element_47,1652.0,286.0,,,24.506931007058547,59.85014980411386,Mobile,Firefox,16.481205749819683,404,0.0
U00024,U00024_S2,2024-01-15 18:01:20,scroll,element_10,,,60.0,,69.4662870991016,35.11870834508436,Mobile,Chrome,45.10438365757469,None,0.0
U00049,U00049_S1,2024-01-01 16:22:33,click,element_38,242.0,45.0,,,5.204437136150861,43.14760177419174,Desktop,Firefox,30.80679454597977,404,0.0
U00003,U00003_S1,2024-03-27 15:36:37,hover,element_45,270.0,604.0,,953.5289663672851,4.378847610180889,50.47660593419359,Desktop,Firefox,12.205115334194884,,0.0
U00002,U00002_S2,2024-02-01 07:21:09,page_view,element_28,,,,639.5135148801528,10.073886310229003,477.0469396041118,Tablet,,113.11371906202162,Timeout,0.0
U00001,U00001_S3,2024-01-08 01:51:38,form_submit,element_17,,,,,11.971617845767874,20.699529800261562,,Edge,23.462638668228614,Timeout,0.0
U00015,,2024-01-14 16:51:33,hover,element_11,332.0,488.0,,8398.698722432991,23.71283936531738,132.00078776511626,Tablet,Firefox,14.310363867317093,None,0.0
U00035,U00035_S3,2024-02-29 09:29:50,click,element_26,1643.0,825.0,,,40.685732634149794,39.48882428066203,Desktop,Safari,57.947675937216005,None,0.0
U00023,U00023_S1,2024-03-08 22:54:16,hover,element_5,1806.0,479.0,,,61.16289250231532,54.585116599973,Tablet,Firefox,54.724987827394486,404,
U00040,,2024-01-25 23:02:43,click,element_38,1786.0,1025.0,,,21.19053971324738,44.886899772075935,Mobile,Chrome,16.9967682962234,Timeout,0.0
U00027,U00027_S2,2024-03-06 05:47:59,form_submit,element_17,,,,,43.83505179127824,24.273689128755166,Tablet,Firefox,10.578928897082644,None,0.0
U00046,U00046_S3,2024-03-21 17:42:15,form_submit,element_15,,,,,60.780986819861916,18.387742656777764,Desktop,Chrome,24.260009091628724,None,0.0
U00043,U00043_S3,2024-03-08 17:50:57,form_submit,element_24,,,,,35.88483073629514,14.107548314209302,Mobile,Firefox,30.525264000407955,None,0.0
U00030,U00030_S3,2024-01-06 18:38:49,scroll,element_26,,,90.0,,27.645838778802617,68.74341689657906,Desktop,Chrome,25.08819670641676,None,0.0
U00036,U00036_S1,2024-02-16 18:41:58,click,element_45,1333.0,19.0,,,4.310332770285143,35.67038854122112,Tablet,Firefox,77.9685894057517,Timeout,0.0
U00037,U00037_S2,2024-03-19 22:16:51,hover,element_11,1309.0,318.0,,7909.418379864553,65.07528425331587,134.83491727355764,Desktop,Edge,21.97962034736477,500,0.0
,U00041_S2,2024-02-11 21:37:05,click,element_40,702.0,36.0,,,17.13086582032477,57.27920918266308,Desktop,Edge,85.51243767192568,,0.0
U00026,U00026_S3,2024-03-21 09:05:53,click,element_20,991.0,383.0,,,45.22904770911325,14.6842118487696,Tablet,Edge,52.496393689580756,None,0.0
U00032,U00032_S3,2024-01-16 05:39:47,form_submit,element_44,,,,,24.12243978478298,18.446064419665635,Tablet,Edge,91.74179599391084,500,0.0
U00043,U00043_S3,2024-03-28 16:14:49,hover,element_12,25.0,523.0,,830.4955289758685,9.176471950418875,16.01982596519462,Mobile,Edge,41.12267818131696,404,0.0
U00049,U00049_S1,2024-03-30 09:26:28,page_view,element_8,,,,1200.1826054237752,72.01357628058355,48.5367275779719,Desktop,Chrome,26.04555663273546,None,0.0
U00031,U00031_S3,2024-03-12 08:44:18,hover,element_42,993.0,791.0,,5138.894589707457,17.23904949345913,52.79653035401618,Desktop,Chrome,17.63246852232274,None,0.0
U00014,U00014_S3,2024-02-29 00:12:58,click,element_34,285.0,378.0,,,12.564005513961991,,Mobile,Chrome,14.774039364006399,None,1.0
U00023,U00023_S1,2024-03-15 11:25:09,click,element_29,949.0,355.0,,,19.436023433722994,165.66636621691282,Desktop,Chrome,23.579730815892514,500,0.0
U00043,U00043_S2,2024-01-06 14:33:31,page_view,element_18,,,,3176.9440214935203,57.78376933167539,30.67372217728862,Desktop,Firefox,47.5766340280264,500,0.0
U00020,U00020_S2,2024-01-26 15:40:09,click,element_5,1522.0,1073.0,,,9.555797111171046,70.71593181705772,Desktop,Edge,16.818944496384695,None,0.0
U00011,U00011_S1,2024-03-23 09:13:25,page_view,element_44,,,,3022.6284860387177,20.28158578646302,22.102371956974707,Tablet,Edge,78.32413440437733,404,0.0
U00026,U00026_S3,2024-01-02 10:01:06,form_submit,element_31,,,,,70.5789495509468,125.02618713825018,Desktop,Edge,75.44368540911655,,0.0
U00010,U00010_S1,2024-03-05 17:47:00,click,,102.0,713.0,,,33.37823209218567,46.848488621844325,Desktop,Chrome,37.36219431039515,404,0.0
U00031,U00031_S1,2024-01-21 09:49:28,form_submit,element_1,,,,,7.00950424362166,43.605705485457385,Tablet,Firefox,22.583751444608783,Timeout,0.0
U00029,U00029_S1,2024-01-12 09:11:23,page_view,element_29,,,,987.629130735203,64.56954106682149,55.79422361997,Desktop,Safari,18.573586399124224,None,0.0
U00008,U00008_S1,2024-02-07 08:12:35,page_view,element_42,,,,981.766980486787,44.02364634561223,113.9404486906087,Desktop,Firefox,29.612613964162165,None,0.0
U00017,U00017_S2,2024-02-29 03:37:35,form_submit,element_22,,,,,26.76959301344363,24.522124388188825,,Safari,22.853035924315382,None,0.0
U00010,U00010_S1,2024-03-15 07:11:07,form_submit,element_8,,,,,30.284415658575735,83.8875454703995,Desktop,Chrome,159.743584874268,404,0.0
U00044,U00044_S3,2024-01-27 00:06:47,form_submit,,,,,,8.695574004429755,42.73548694721129,Mobile,Chrome,48.74054790520959,,0.0
U00006,U00006_S1,2024-02-29 06:08:50,hover,element_47,792.0,282.0,,461.4482428045961,22.024115195143413,27.370242846579757,Tablet,Edge,28.187201379811167,None,0.0
U00031,U00031_S2,2024-02-11 20:53:45,page_view,element_49,,,,324.55611559375336,223.65266908484028,33.91339713954141,Tablet,Chrome,64.09479812452136,None,0.0
U00035,U00035_S3,2024-03-19 09:12:49,page_view,element_4,,,,1729.3087234859574,7.342882748736229,20.407004972587103,Desktop,Edge,30.288584087932215,None,
U00011,U00011_S3,2024-01-31 01:00:03,click,element_3,899.0,259.0,,,7.3573338905824865,50.6164995848033,Mobile,Chrome,15.679842173717399,None,0.0
U00019,U00019_S1,2024-02-26 17:56:17,click,element_31,737.0,317.0,,,2.603663430068071,28.01203887444254,Mobile,Firefox,40.643703587110174,500,0.0
U00017,U00017_S1,2024-01-20 01:11:47,page_view,,,,,1395.6262288152607,27.86321177061693,40.500102845213114,Tablet,Chrome,74.3193817308758,None,0.0
U00018,U00018_S3,2024-01-05 15:50:16,click,element_47,134.0,308.0,,,9.03384922030174,10.479117915459986,Tablet,Chrome,19.800239873011005,None,0.0
U00003,,,click,element_20,1759.0,204.0,,,54.967580833061206,16.30258083409894,Desktop,Safari,18.670867559845846,Timeout,0.0
U00019,U00019_S3,2024-02-13 19:28:39,hover,element_22,1091.0,85.0,,1313.4464743062576,84.637573009081,116.32719564213745,Desktop,Chrome,20.370384554391176,None,0.0
U00047,U00047_S2,2024-03-07 09:42:19,page_view,element_46,,,,493.1338912198233,20.606418291113883,30.891342792218346,Mobile,Safari,19.27100433086553,None,0.0
U00020,U00020_S2,2024-02-02 09:37:19,page_view,element_35,,,,1218.88267540621,3.31992382881626,78.67844947914142,Mobile,Firefox,3.7847078698579497,None,0.0
U00035,U00035_S2,2024-03-24 16:26:51,click,element_24,884.0,534.0,,,12.008050257644639,36.32530066539135,Mobile,Chrome,74.01285428075377,None,0.0
U00011,U00011_S3,2024-01-05 05:28:06,page_view,element_45,,,,1438.2328988263646,233.01592024572105,30.646136373561824,Desktop,Chrome,72.55132258280473,404,0.0
U00025,U00025_S1,2024-01-30 16:18:26,click,element_4,183.0,584.0,,,6.077748822612441,90.47528815170337,Desktop,Safari,47.04703554901831,500,0.0
U00025,,2024-01-26 17:17:28,hover,element_18,1621.0,662.0,,955.8349287918942,17.292668513731556,48.46529969546466,Tablet,Firefox,117.99386600217126,None,0.0
U00028,U00028_S1,2024-01-04 23:33:30,click,element_21,1825.0,318.0,,,10.061098974287136,30.728584779850042,Mobile,Firefox,64.13470595074301,404,0.0
,U00026_S1,2024-02-27 22:13:24,form_submit,element_24,,,,,3.423271699334984,24.26523881516167,Mobile,Chrome,31.992554467415175,None,0.0
U00035,U00035_S2,2024-01-06 02:08:28,click,element_3,1271.0,572.0,,,106.8381253242765,19.27673492655293,Desktop,Firefox,69.77970828380049,Timeout,0.0
U00003,U00003_S3,2024-01-14 12:47:17,scroll,element_16,,,49.0,,85.22266111236782,50.63071843320171,Mobile,Firefox,12.50999794267417,None,0.0
U00041,U00041_S2,2024-03-20 09:40:02,click,element_16,1532.0,669.0,,,24.87869269411973,16.615440901525993,Mobile,Firefox,34.805427388530845,500,0.0
U00034,U00034_S2,2024-01-04 22:45:35,hover,element_31,1917.0,107.0,,933.1788126867556,33.523618775713835,75.23048993596791,Mobile,Firefox,17.9557060767889,Timeout,
U00026,U00026_S3,2024-01-17 15:28:37,click,element_17,480.0,571.0,,,9.010539490794933,,Mobile,Firefox,11.569859558046069,None,0.0
U00011,U00011_S1,2024-01-23 13:31:02,scroll,element_38,,,31.0,,8.368112244096578,79.14652796912087,Tablet,Chrome,21.162698840565373,404,0.0
U00022,U00022_S3,2024-02-13 23:18:22,scroll,element_45,,,83.0,,16.717520831047587,86.74727344354501,Desktop,Chrome,82.5340339501971,Timeout,0.0
U00050,U00050_S1,2024-03-21 02:11:12,hover,element_43,1722.0,23.0,,1753.1087915422165,8.989473640240615,56.026453168028326,Mobile,Firefox,105.07486780915448,None,0.0
U00001,U00001_S2,2024-01-28 17:21:12,hover,element_11,332.0,1047.0,,8210.349080694625,,51.392159946338175,Tablet,Safari,,,0.0
U00031,U00031_S3,2024-01-11 05:55:37,form_submit,element_8,,,,,107.14473240141031,88.25547037800013,Tablet,Firefox,42.41987031871547,None,0.0
U00003,U00003_S3,2024-03-02 13:43:56,scroll,element_32,,,11.0,,19.495595541891763,27.637370239697727,Desktop,Edge,22.48062427780603,404,0.0
,U00002_S3,2024-03-12 15:17:39,click,element_22,1801.0,621.0,,,29.943664789507825,61.70404152867689,Tablet,Firefox,66.75298180398988,None,0.0
U00022,U00022_S1,2024-03-05 06:37:06,scroll,element_37,,,37.0,,4.20168295622153,50.56951012462295,Desktop,,76.93307428501137,None,0.0
U00049,U00049_S1,2024-02-22 19:43:00,form_submit,,,,,,16.823611141975096,140.25108682237519,Mobile,Chrome,59.46444377785158,None,0.0
U00022,U00022_S2,2024-01-22 19:40:03,page_view,element_10,,,,2034.773612243091,7.614078965161046,84.51502255159704,Mobile,Safari,31.25951103056102,500,0.0
U00015,U00015_S2,2024-02-21 07:39:06,,element_15,,,,,76.46091031521465,64.10649538139548,Tablet,Firefox,22.94676321510955,404,0.0
U00027,U00027_S1,2024-02-06 22:01:41,page_view,element_49,,,,992.0221812679647,21.824521458856704,18.063261954838058,Desktop,Edge,51.05094572984825,404,0.0
U00047,U00047_S1,2024-01-15 15:54:47,click,element_31,1746.0,522.0,,,32.33388761723906,70.90807339431682,Tablet,Chrome,18.28232873863947,None,0.0
U00030,U00030_S2,2024-03-22 20:08:30,scroll,element_30,,,83.0,,107.50296932430493,91.4930855652566,Mobile,Safari,122.09340664133677,,0.0
U00036,U00036_S2,2024-01-27 04:39:47,click,element_43,1357.0,113.0,,,10.278811548512346,109.10460289730165,Desktop,Chrome,37.09505851234357,500,0.0
U00016,U00016_S1,2024-01-15 13:18:44,click,element_47,1171.0,164.0,,,8.082762760587165,37.892121834648655,Tablet,Edge,138.3603107609153,None,0.0
U00002,U00002_S1,2024-03-21 19:03:46,,element_35,1364.0,681.0,,,4.944048000430328,68.4098303077249,Tablet,Edge,9.713379526380468,None,0.0
U00016,U00016_S1,2024-03-12 11:04:53,form_submit,element_18,,,,,9.253473096385362,55.58361800834327,Desktop,Edge,22.545398370544962,None,0.0
,U00019_S1,2024-02-07 07:25:52,click,element_35,8.0,264.0,,,13.978832301973585,41.490486816652876,Mobile,Firefox,44.55333385493046,None,0.0
U00034,U00034_S1,2024-03-09 09:24:03,page_view,element_35,,,,7433.80344251121,11.809035609927212,51.30862891453526,Tablet,Edge,35.70707407932986,None,0.0
U00050,U00050_S3,2024-02-24 16:07:47,page_view,element_35,,,,947.0091624238839,50.65013495840759,79.30274198152945,Mobile,Safari,53.80355938196409,500,0.0
U00037,U00037_S1,2024-03-19 02:21:45,click,element_29,1114.0,469.0,,,55.492089475955495,182.18404360822868,,Edge,14.274378002356968,None,0.0
U00032,U00032_S1,2024-02-03 05:50:34,scroll,element_24,,,4.0,,72.00473702812428,87.34010141744866,Tablet,Safari,12.296353100394764,Timeout,0.0
U00006,U00006_S3,2024-01-30 14:10:59,page_view,element_42,,,,,47.88276999739313,25.82804222141495,Tablet,Edge,31.34156484363932,404,0.0
U00032,U00032_S2,2024-03-29 02:55:09,click,element_11,657.0,917.0,,,36.47452136553446,52.6795052137131,Mobile,Edge,30.34802676114941,None,0.0
U00009,U00009_S3,2024-02-11 07:11:14,click,element_30,819.0,448.0,,,26.17820679758705,50.395255464227894,Tablet,Firefox,35.69688388176895,None,0.0
U00045,U00045_S2,2024-02-26 15:34:42,page_view,element_15,,,,1394.9369676452334,7.786967195876877,132.5638964980864,Mobile,Firefox,56.11033392806913,None,0.0
U00008,U00008_S3,2024-01-29 15:39:24,click,element_46,492.0,597.0,,,33.36483701859426,65.76484390382657,Mobile,Safari,71.72012900899017,None,0.0
U00037,U00037_S2,2024-03-10 15:52:47,scroll,element_4,,,63.0,,62.82498087579938,218.0165699428498,Tablet,Safari,,None,0.0
U00034,U00034_S1,2024-03-26 19:27:46,hover,element_21,1427.0,925.0,,447.1217154004742,18.930807874342985,14.836945211417028,Mobile,Firefox,74.87547650469094,404,0.0
U00020,U00020_S1,2024-03-20 17:27:56,click,element_11,623.0,769.0,,,17.209208439608872,189.94672776427282,Tablet,Edge,47.04701949726526,500,0.0
U00045,U00045_S1,2024-03-27 00:22:29,click,element_4,1000.0,1073.0,,,13.148098556892212,108.81021364331838,Desktop,Edge,31.817479168106466,500,1.0
U00013,U00013_S2,2024-03-06 21:05:34,page_view,element_20,,,,1604.0273277816973,9.250450853704283,43.262263980651106,Tablet,Chrome,21.290237443359512,None,0.0
U00032,U00032_S2,2024-01-07 08:22:16,click,element_49,1359.0,745.0,,,25.122184860299367,81.7981120655271,Desktop,Safari,5.717860078257183,Timeout,0.0
U00025,U00025_S1,2024-03-25 11:52:51,form_submit,element_30,,,,,66.31163803595554,46.226741494340075,Desktop,Chrome,18.750840705094195,None,0.0
U00001,U00001_S2,2024-02-24 19:09:40,hover,element_2,722.0,553.0,,2276.069424281574,3.058988385643358,76.52687864408041,Tablet,Chrome,57.856068409651684,None,0.0
U00035,U00035_S1,2024-02-19 04:26:41,hover,element_26,1111.0,680.0,,4549.470766746161,12.348238991468168,30.472431403425446,Tablet,Chrome,43.26348432541456,404,
U00038,U00038_S3,2024-03-29 07:50:55,hover,element_47,678.0,738.0,,954.593059702951,2.940737096001997,104.25616080863713,Mobile,Edge,21.61282358276053,None,0.0
U00022,U00022_S2,2024-02-16 12:26:41,scroll,element_19,,,79.0,,96.40958554449115,74.86842456044523,Mobile,Chrome,42.17789671426751,404,0.0
U00033,,2024-03-05 18:34:35,hover,element_37,723.0,58.0,,3162.5429451828786,6.883677829889937,51.39295727372651,,Firefox,18.160253963077086,None,0.0
U00024,U00024_S1,2024-01-05 21:49:00,hover,element_38,1656.0,1041.0,,1314.9551123139208,4.788558151372374,15.793339296976296,Desktop,Firefox,49.302529884402304,500,0.0
U00017,U00017_S3,2024-03-06 20:20:08,hover,element_30,1135.0,352.0,,311.1450342183306,241.7079297757538,15.947086006130961,Mobile,Edge,30.29635379698731,None,0.0
U00044,U00044_S2,2024-03-01 18:34:19,page_view,element_10,,,,236.7066365930135,27.2125457737748,118.05285743537864,Desktop,Chrome,41.853071654873624,None,0.0
U00019,U00019_S2,2024-03-11 12:38:59,page_view,element_39,,,,335.7349125352787,2.445169040071592,38.25810649388285,Mobile,Chrome,27.996470624363486,None,0.0
U00027,U00027_S3,2024-01-26 20:41:13,page_view,element_7,,,,337.25533455374295,,102.76181306542523,Tablet,Firefox,5.486997214537574,None,0.0
U00027,U00027_S3,2024-01-14 12:20:52,hover,element_45,1446.0,484.0,,336.9420730775928,62.89056385678391,42.58620748424948,Desktop,Safari,64.74272502346537,500,0.0
U00044,U00044_S3,2024-02-01 21:23:21,click,element_42,484.0,134.0,,,63.90558422411608,65.08373462036299,Tablet,Safari,110.93564678409268,None,0.0
U00007,U00007_S2,2024-01-28 17:04:24,hover,element_39,572.0,694.0,,1550.0863287871766,3.3292381444919847,65.70771577125701,Desktop,Chrome,53.813957875215166,500,0.0
U00022,U00022_S2,2024-03-30 07:46:40,hover,element_28,497.0,527.0,,10588.224191033038,8.140784556361236,247.32390295955685,Tablet,Chrome,21.27852438332676,Timeout,0.0
U00023,,2024-01-22 09:34:59,click,,393.0,231.0,,,15.134221042707983,,Desktop,Chrome,33.834313726458014,,0.0
U00010,U00010_S2,2024-02-05 00:21:26,hover,element_44,1111.0,297.0,,444.2148636806592,17.69091495675453,62.85977896599988,Desktop,Safari,,None,0.0
U00032,U00032_S1,2024-02-12 21:03:46,form_submit,element_25,,,,,11.50956267074448,31.805233943948643,Mobile,Safari,,Timeout,0.0
,U00022_S2,2024-01-07 18:26:33,scroll,element_24,,,78.0,,11.225433715504074,83.47439518042609,Mobile,Edge,18.773208710649794,500,0.0
U00001,U00001_S3,2024-01-01 11:05:20,click,element_43,1716.0,247.0,,,29.006509118228973,32.687049385093005,Desktop,Edge,20.823084895232334,,0.0
U00010,U00010_S3,2024-01-04 12:18:56,form_submit,element_20,,,,,17.076738314502993,80.88225670584596,Desktop,Safari,33.49633521106891,500,0.0
U00001,U00001_S3,2024-03-05 13:43:01,hover,element_36,386.0,126.0,,4448.86807043389,7.703319639546716,16.25022156048226,Mobile,Edge,33.44950868406814,None,0.0
U00044,,2024-03-21 17:20:34,click,element_18,543.0,188.0,,,28.112859080392077,,Tablet,Safari,14.720764716838108,None,0.0
U00043,U00043_S2,2024-02-17 02:57:33,click,element_21,860.0,279.0,,,13.348814506000963,75.88399489492582,Tablet,Edge,9.172144538866725,404,1.0
U00036,U00036_S2,2024-03-20 07:32:30,click,element_49,406.0,446.0,,,7.64943780001687,97.35164530899351,Mobile,Firefox,13.554247361817934,404,0.0
U00031,U00031_S2,2024-01-14 09:59:24,page_view,element_15,,,,5033.019163667991,25.342418021302432,251.16539444464308,Tablet,Safari,12.78812534872126,None,1.0
U00040,U00040_S2,2024-03-30 05:46:58,click,element_20,1814.0,1075.0,,,6.3447730319751106,20.079111095880577,Tablet,Safari,30.245651898899215,None,0.0
U00036,U00036_S2,2024-01-03 03:11:33,scroll,element_1,,,43.0,,113.15629688274828,59.705924177009514,Desktop,Edge,68.53284199688109,Timeout,0.0
U00003,U00003_S3,2024-02-08 02:42:45,page_view,element_27,,,,4268.118005695037,83.84517967881916,5.69631659205947,Mobile,Chrome,55.55988986324464,None,0.0
U00013,U00013_S1,2024-03-17 00:50:29,click,element_39,1801.0,1077.0,,,9.806457599176523,193.3097980895754,Tablet,Safari,10.361015407864661,404,0.0
U00007,U00007_S1,,click,element_26,1430.0,378.0,,,61.69775735583874,124.2346598048603,Mobile,Chrome,43.28239976605055,404,0.0
U00040,U00040_S3,2024-01-20 12:09:19,form_submit,element_19,,,,,2.0888186319162427,108.75890580954008,Tablet,Chrome,27.407898367302327,None,0.0
U00034,U00034_S2,2024-02-06 16:46:45,click,element_18,1614.0,919.0,,,3.754725114273466,54.784290975730634,Desktop,Firefox,56.01748345287403,None,0.0
U00011,U00011_S3,2024-03-21 08:55:35,hover,element_37,1281.0,760.0,,156.74761426971105,21.35469513595926,51.58209653208886,Mobile,Edge,20.011773481325903,None,0.0
U00044,U00044_S3,2024-02-26 09:04:58,page_view,element_19,,,,2912.7668621693147,10.439734354552044,13.572702183498958,Mobile,Edge,71.10049053427127,None,0.0
U00003,U00003_S2,2024-01-11 04:30:43,page_view,element_9,,,,1397.6200316976342,16.880638596885497,44.06251093028641,Tablet,Chrome,10.40095712745997,None,0.0
U00014,U00014_S2,2024-03-26 01:17:44,click,element_11,1706.0,17.0,,,32.3700841674461,75.95412103819471,Desktop,Firefox,32.621738301125426,None,0.0
U00041,U00041_S2,2024-01-13 00:43:44,hover,element_13,1781.0,806.0,,957.7514663303257,10.186232559495835,41.081414848965935,Mobile,,52.014482298180305,404,0.0
U00026,U00026_S2,2024-01-13 15:25:07,,element_37,,,28.0,,31.319524869910747,11.378457405708872,Desktop,Safari,274.01206221144,None,0.0
U00036,U00036_S3,2024-01-04 10:29:40,form_submit,element_26,,,,,12.41844123193623,257.21691902528335,Desktop,Chrome,56.13043806294829,None,0.0
U00042,U00042_S1,2024-01-27 06:26:57,form_submit,,,,,,25.365476102966152,31.04804843299891,Tablet,Chrome,60.720231371103374,None,0.0
U00034,U00034_S3,2024-03-23 04:13:47,form_submit,element_40,,,,,3.8292972636027076,66.13900476722476,Desktop,Safari,87.32439040938473,None,0.0
U00021,U00021_S2,2024-02-05 02:47:07,form_submit,element_2,,,,,36.79806279196276,15.370039822898008,Desktop,Chrome,11.569000070195875,Timeout,0.0
U00040,U00040_S1,2024-02-20 10:05:28,click,element_19,41.0,,,,22.5205767439122,183.17529969059402,Mobile,Safari,13.810595326325974,None,0.0
U00042,U00042_S3,2024-03-24 12:31:10,click,element_16,1052.0,363.0,,,10.900976493824386,87.68065397766243,Tablet,Edge,23.485719260730946,None,0.0
U00046,U00046_S3,2024-01-01 19:13:35,click,element_18,531.0,643.0,,,17.44426294737028,22.807664738564224,Desktop,Firefox,99.83868528371197,None,0.0
U00046,U00046_S2,,scroll,element_39,,,6.0,,23.935591905236254,53.273628377587734,Desktop,Chrome,17.04713666619593,None,0.0
U00029,,2024-02-23 19:09:03,,element_18,638.0,503.0,,,21.607770764921842,118.23345308701825,Tablet,,6.569049356543753,None,0.0
U00030,U00030_S2,2024-02-03 03:04:10,click,element_16,387.0,840.0,,,37.499552997386296,60.305347277181426,Desktop,Safari,68.85726583774138,None,0.0
U00024,U00024_S1,2024-02-01 23:23:42,click,element_39,1785.0,357.0,,,7.075324612707588,20.547342134690357,Desktop,Edge,122.89810127445162,None,0.0
U00049,U00049_S2,2024-01-05 16:13:08,click,element_18,1837.0,126.0,,,15.205970591438229,95.02316726996919,Desktop,Firefox,100.89171031591354,500,0.0
U00018,U00018_S2,2024-01-30 05:51:50,form_submit,element_32,,,,,5.948842364527679,48.36234261861897,Tablet,Safari,21.341427366437294,None,1.0
U00020,U00020_S2,2024-01-24 14:29:08,hover,element_28,490.0,555.0,,1481.7349831440117,12.239278684222835,56.578478937493564,Desktop,Firefox,38.864872623199396,None,1.0
U00029,U00029_S2,2024-02-23 02:33:51,click,element_18,1891.0,630.0,,,6.106386858812673,95.61630178480762,Tablet,Firefox,85.70265736180288,None,0.0
U00025,U00025_S1,2024-01-16 04:00:23,hover,element_28,890.0,396.0,,543.2172340224084,55.183767540608855,64.2735971865959,Mobile,Firefox,47.39753267598694,404,0.0
U00020,U00020_S3,2024-02-01 06:43:27,scroll,element_24,,,51.0,,4.274930793555128,72.79953791694548,Mobile,Safari,40.780841697541646,None,0.0
U00041,U00041_S1,2024-01-05 19:41:46,click,element_31,690.0,478.0,,,35.71189116054907,163.48123195052247,Desktop,Chrome,32.66881095460438,None,0.0
U00001,U00001_S1,2024-02-02 13:00:33,hover,element_45,177.0,,,,9.477216068719994,12.738974011877374,Desktop,Chrome,24.159377135204394,500,0.0
U00017,U00017_S2,2024-01-14 07:16:46,hover,element_17,1321.0,327.0,,1049.0283707131016,3.754056933295769,124.50421882503495,Mobile,Safari,34.572675407381055,None,0.0
U00015,U00015_S2,2024-01-07 04:06:35,hover,element_3,260.0,805.0,,2895.3056269080257,15.100207522228096,57.87925890814004,Desktop,Safari,53.58290528854827,Timeout,0.0
U00005,U00005_S2,2024-02-18 22:18:06,scroll,element_33,,,31.0,,7.765341689350413,165.57569974141063,Mobile,Firefox,23.300811973648027,404,0.0
U00012,U00012_S3,2024-02-21 20:20:47,click,,935.0,956.0,,,10.659518993271798,70.41322741732051,Desktop,Chrome,28.629724216074123,500,0.0
U00010,U00010_S1,2024-01-12 05:29:17,hover,element_15,321.0,807.0,,363.9210316775069,26.12226818956906,61.07662977408508,Mobile,Edge,64.44599163696229,None,0.0
U00030,U00030_S1,2024-01-11 19:37:41,click,element_24,863.0,179.0,,,22.89025798186986,38.22021074643213,Desktop,Firefox,20.276762341226025,None,1.0
U00030,U00030_S3,2024-03-15 18:39:25,hover,element_33,952.0,689.0,,487.230330520713,100.4699658977001,55.40104506973427,Desktop,Firefox,8.912136008544651,500,0.0
,U00036_S1,2024-01-11 12:09:12,scroll,element_42,,,82.0,,18.257510613176347,130.33230620503997,Desktop,Safari,89.18494034074136,None,0.0
U00035,U00035_S1,2024-02-07 05:51:12,hover,element_35,525.0,730.0,,337.4315023665496,,41.627408568516884,Desktop,Edge,4.884371843770325,,0.0
U00008,U00008_S1,2024-01-25 16:25:07,page_view,element_7,,,,1453.2334063621868,18.879581548088836,59.60989069569625,Desktop,Safari,27.651901539448687,Timeout,0.0
U00039,U00039_S3,2024-03-25 00:37:55,click,element_31,1117.0,978.0,,,57.462975431168864,246.52867881556094,Desktop,Firefox,103.30212108739497,None,0.0
U00013,U00013_S1,2024-01-12 17:26:00,scroll,element_11,,,10.0,,9.246994843500948,36.65860242981102,Mobile,Safari,17.47888422594505,500,0.0
U00009,U00009_S2,2024-03-26 06:46:18,hover,element_14,947.0,638.0,,1457.946326064749,8.580756306420106,32.949819635347154,Desktop,Firefox,44.71218144650512,Timeout,0.0
U00027,U00027_S1,2024-02-14 12:33:44,click,element_37,80.0,68.0,,,48.34313323721949,46.55757226185495,Mobile,Chrome,76.28019583711294,Timeout,0.0
U00026,U00026_S1,2024-01-06 06:32:22,scroll,element_14,,,81.0,,32.98800043445932,91.94873874218071,Desktop,Edge,35.305163006867936,None,0.0
U00029,U00029_S2,2024-01-06 06:55:30,page_view,element_35,,,,8350.006228493738,30.94541058253245,87.80272060477111,,Safari,73.35499626941866,404,0.0
,U00014_S1,2024-01-17 21:40:11,hover,element_39,865.0,228.0,,7462.936412360658,39.26649119535571,50.359929534467014,Mobile,Safari,17.71906788505383,None,0.0
U00001,U00001_S1,2024-03-24 13:05:55,form_submit,element_3,,,,,7.3279047946275915,11.86404398768162,Mobile,Chrome,29.95826274391197,None,0.0
U00008,U00008_S2,2024-01-23 01:29:43,form_submit,element_32,,,,,31.167474948165644,57.45768232925541,Desktop,Firefox,28.469276902575167,None,1.0
U00019,U00019_S1,2024-02-18 08:45:41,hover,element_46,570.0,674.0,,849.3913050026038,10.248160806210677,104.48938246705492,Tablet,Edge,15.963450709520982,Timeout,0.0
U00022,U00022_S3,2024-03-11 06:12:41,hover,,1780.0,161.0,,3616.7176886439097,11.565906501545935,45.767544613554385,Tablet,Safari,11.47908611656237,None,0.0
U00022,U00022_S3,2024-02-29 03:52:32,click,element_26,1764.0,462.0,,,13.624535080466298,47.09245028560972,Mobile,Safari,15.28894427994515,404,0.0
U00042,U00042_S1,2024-02-12 01:07:06,click,element_25,1133.0,775.0,,,26.297009033216327,27.446463492833583,Tablet,Edge,39.19525534083063,404,0.0
U00001,U00001_S2,2024-03-16 12:53:49,hover,element_35,1499.0,557.0,,575.5434486888475,29.402642077635758,46.18708896384132,Tablet,Edge,17.204129378696827,None,0.0
U00044,U00044_S2,2024-01-04 20:29:23,scroll,element_13,,,37.0,,64.46090271074272,35.103095713996396,Mobile,Edge,15.367154569048665,404,0.0
U00026,U00026_S2,2024-02-05 00:38:44,click,element_2,395.0,995.0,,,41.86408725722895,57.77488603520085,Mobile,Edge,49.06765435644833,None,0.0
U00013,U00013_S3,2024-03-05 02:30:56,hover,element_4,1408.0,437.0,,185.62974573245947,7.685594457866002,10.5959239644966,Mobile,Chrome,37.18704964552553,None,1.0
U00006,U00006_S2,2024-01-09 12:58:19,hover,element_48,103.0,701.0,,589.3627208887332,,149.957390970888,Mobile,Firefox,33.158842661620945,None,0.0
U00019,U00019_S1,2024-02-19 08:28:42,click,element_28,1237.0,668.0,,,26.29001521619951,142.03283893477095,Tablet,Chrome,67.50342643765663,None,0.0
U00046,U00046_S1,2024-03-02 11:01:47,form_submit,element_34,,,,,14.956641932706201,300.1191118743633,Desktop,Edge,14.942727396175568,None,0.0
U00030,U00030_S2,2024-01-01 22:56:15,,element_22,1318.0,801.0,,,35.35449096427458,49.20378401810111,Mobile,Safari,74.68071196401156,Timeout,0.0
U00035,U00035_S1,2024-03-25 21:02:30,page_view,element_32,,,,7869.285437442957,,85.35201820160633,Desktop,Chrome,29.89824165842767,Timeout,0.0
U00042,U00042_S1,2024-01-16 22:28:58,click,element_24,1208.0,561.0,,,6.076925354539664,13.513123089408472,Tablet,Edge,61.99818932765408,404,
U00040,U00040_S3,2024-01-07 11:57:11,click,element_39,1038.0,436.0,,,70.78980407469271,10.383337327822678,Mobile,Safari,40.91602397342412,None,0.0
U00029,U00029_S2,2024-02-12 00:55:55,page_view,element_38,,,,758.6311445683519,19.221329077468184,27.7830370249502,Tablet,Chrome,14.863837995712805,None,1.0
U00023,U00023_S3,2024-02-16 14:21:39,page_view,element_16,,,,365.83077460857334,15.327586897784657,43.62169171189608,Mobile,Edge,58.1022760283866,500,0.0
U00027,U00027_S2,2024-03-19 13:22:24,scroll,element_23,,,6.0,,34.76292934104227,58.881953768871945,Tablet,Safari,17.558906562377334,None,0.0
U00042,U00042_S2,2024-02-07 18:19:05,form_submit,element_20,,,,,25.85503366633241,121.3062748886931,Tablet,Edge,43.439703800547505,404,
U00025,U00025_S3,2024-02-06 07:47:15,page_view,,,,,3512.2448557280936,20.585857495300687,187.88960497503948,Mobile,Firefox,,500,0.0
U00029,U00029_S1,2024-03-22 01:50:15,page_view,element_40,,,,1099.0203762703616,30.76374426313841,17.188254645672945,,Safari,32.2732660128115,None,0.0
U00022,U00022_S2,2024-03-27 00:11:07,page_view,element_36,,,,2181.5804347045173,8.955517273051445,74.8528610326763,Desktop,Firefox,9.954389042667069,None,0.0
U00041,U00041_S3,2024-03-08 16:47:40,click,element_38,1437.0,470.0,,,36.74864979768339,199.96112133325997,Mobile,Safari,13.58751489810928,None,1.0
U00019,U00019_S3,2024-01-10 01:31:09,page_view,element_24,,,,128.88782644965238,118.66718803415087,15.03948924685531,Mobile,Firefox,39.66334720818384,500,0.0
U00030,U00030_S1,2024-01-05 16:11:00,click,element_36,61.0,655.0,,,121.49499538681829,70.92586791681444,Mobile,Safari,31.336833973212805,None,0.0
U00024,U00024_S2,2024-02-28 23:16:37,page_view,element_33,,,,3569.977048696923,23.918337954328283,,Tablet,Chrome,24.51652413951933,500,0.0
U00015,U00015_S3,2024-01-24 05:59:47,,element_22,,,91.0,,23.062285973932955,97.84439272444432,Desktop,Edge,44.98923703685449,None,1.0
U00014,U00014_S2,2024-02-29 05:09:29,page_view,element_22,,,,516.6446749096945,46.429144105026396,68.89677832949701,Tablet,Firefox,54.72215475479805,Timeout,0.0
U00024,U00024_S1,2024-03-15 22:37:47,page_view,element_30,,,,3152.081338259689,4.6970478107046745,49.62761929248209,Tablet,Edge,50.24500532440517,None,0.0
U00012,U00012_S2,2024-02-20 19:34:32,page_view,element_30,,,,560.7753231784179,33.92024964916319,33.23727077237038,Mobile,Firefox,13.850797405666622,500,0.0
U00028,U00028_S1,2024-03-19 12:41:57,page_view,,,,,343.43499540904094,16.375559256301504,260.667760047789,Mobile,Edge,106.82683638951744,500,0.0
U00021,U00021_S1,2024-02-24 03:08:24,form_submit,element_39,,,,,36.534609178723684,93.70489051738414,Tablet,Firefox,14.55187791496633,,0.0
U00046,U00046_S3,2024-01-11 19:12:53,scroll,element_22,,,55.0,,26.04212168737187,29.15458124329845,Tablet,Chrome,46.98361823010365,None,0.0
U00049,U00049_S1,2024-03-27 05:42:22,page_view,element_47,,,,652.4067468795109,37.76471612267348,38.64629528350636,Desktop,Chrome,34.59539182885843,None,0.0
U00011,U00011_S1,2024-03-03 06:03:10,form_submit,element_23,,,,,19.37241547511718,34.918615974689715,Desktop,Firefox,20.171184184807576,,0.0
U00014,U00014_S3,2024-01-07 17:48:16,scroll,element_23,,,51.0,,18.85822605072367,74.27252222466946,Desktop,Edge,24.385481958692367,404,0.0
U00024,U00024_S3,2024-03-16 02:11:21,click,element_1,1560.0,426.0,,,60.2554138246187,81.21397229951882,Mobile,Chrome,52.18016250961369,None,0.0
U00042,U00042_S1,2024-01-18 18:22:24,page_view,element_8,,,,1248.484766951655,358.82505959317496,27.79419389767469,Desktop,Firefox,20.324005727578214,404,0.0
U00041,U00041_S3,2024-03-23 00:25:57,click,element_34,486.0,227.0,,,27.074347376844713,394.2115398794017,Mobile,Safari,119.26826069642496,404,0.0
U00002,U00002_S2,2024-03-13 04:01:37,page_view,element_3,,,,2810.6449756349894,40.131565427061325,136.68263547892494,Tablet,Safari,67.97475574361607,None,0.0
U00006,U00006_S2,2024-01-09 17:34:35,scroll,element_2,,,26.0,,20.165368805027597,13.43355858543873,Tablet,Chrome,25.291075289374795,Timeout,0.0
U00023,U00023_S1,2024-02-29 15:39:47,click,element_23,10.0,543.0,,,19.676544694374726,65.843165744755,Tablet,Safari,40.739061715219364,None,0.0
U00010,,2024-01-15 04:24:54,click,element_23,1747.0,526.0,,,,333.8299446588451,Tablet,Firefox,92.1948868847383,None,0.0
U00037,U00037_S3,2024-02-06 21:02:17,click,element_5,926.0,1034.0,,,17.699549656533573,33.73079034270022,Desktop,Edge,24.57048210711853,None,0.0
U00010,U00010_S1,2024-01-05 00:23:51,click,element_18,820.0,909.0,,,59.737955357784266,131.53927719528897,Mobile,,49.82571445392472,Timeout,0.0
U00047,U00047_S2,2024-03-12 16:30:48,page_view,element_37,,,,1741.388823093232,,185.61654387814264,Desktop,Chrome,19.89141630758706,None,0.0
U00042,U00042_S1,2024-02-09 18:38:44,click,element_46,397.0,580.0,,,13.202869870003768,55.629402157158324,Mobile,Safari,37.952195338609584,None,0.0
U00003,U00003_S1,2024-01-21 01:56:39,form_submit,element_5,,,,,24.28548703646906,110.36991609954401,Mobile,Safari,30.050195697495855,,0.0
,U00025_S3,2024-02-28 02:41:43,click,element_3,754.0,1051.0,,,14.863060397801032,119.0002928641235,Tablet,Edge,79.52616860500177,404,1.0
U00017,U00017_S1,2024-03-01 20:40:25,click,element_39,740.0,241.0,,,52.79788538061396,33.50210292464019,Desktop,Safari,10.051129026828985,None,0.0
U00016,,2024-01-24 06:26:44,form_submit,element_10,,,,,32.99454521465802,130.279786409734,Tablet,Chrome,92.38592857591097,Timeout,0.0
U00008,U00008_S2,2024-02-29 03:05:40,click,element_45,233.0,315.0,,,,39.96400938415074,Desktop,Firefox,94.84000748125962,None,0.0
U00025,U00025_S1,2024-02-14 17:49:56,hover,element_17,33.0,332.0,,1424.8431037215998,1.622438627892113,48.86502993865157,Mobile,Edge,75.12749204727643,404,0.0
U00037,U00037_S3,2024-02-21 01:05:39,page_view,element_33,,,,1676.657068576379,100.562268428473,131.18259037330978,Tablet,Chrome,8.359256415609668,None,0.0
U00045,U00045_S2,2024-01-19 22:47:24,,element_14,158.0,1025.0,,,13.757455313504892,169.43107265475965,Mobile,Edge,21.187428278259844,None,1.0
U00044,U00044_S2,2024-03-17 10:49:21,form_submit,element_16,,,,,77.13162218607265,34.87293273063737,Desktop,Edge,187.79627368781294,None,0.0
U00028,U00028_S1,2024-01-04 20:56:07,click,element_8,604.0,23.0,,,32.16413685551183,281.31599714014567,Tablet,Firefox,4.452805954689281,None,0.0
U00036,U00036_S2,2024-01-17 10:30:44,page_view,element_45,,,,869.5119851754419,16.816674493853462,,,Edge,19.72752120984178,,0.0
U00028,U00028_S3,2024-03-06 10:53:38,form_submit,element_30,,,,,8.63556793933631,72.45830854965685,Tablet,Chrome,81.36334539090147,500,0.0
U00028,U00028_S2,2024-01-08 18:12:20,scroll,element_5,,,5.0,,34.01582375074291,32.33478766622123,Desktop,Firefox,14.736888531243592,,0.0
U00026,U00026_S2,2024-01-01 21:16:54,page_view,element_47,,,,1497.2874518853337,6.043564277488319,38.46600623305351,Mobile,Edge,149.44580681284043,None,0.0
U00037,U00037_S1,2024-02-17 15:28:45,page_view,element_1,,,,9126.07944996456,97.72679519731867,29.7276916442473,Tablet,Chrome,,500,0.0
U00013,U00013_S1,2024-01-28 10:56:42,page_view,,,,,501.0418874042834,19.861141881023734,45.14077315119046,Desktop,Chrome,27.898837042158565,500,0.0
U00046,U00046_S1,2024-02-21 14:32:06,form_submit,element_28,,,,,19.154692703675135,42.19174560844638,Mobile,Firefox,92.41465367451393,404,0.0
U00003,U00003_S3,2024-02-07 17:43:54,form_submit,element_48,,,,,11.333423562549925,447.16600356931076,Desktop,Edge,19.90321456231394,None,0.0
U00006,U00006_S3,2024-02-18 05:34:04,scroll,element_41,,,1.0,,25.12418969974558,49.36892963481094,Desktop,Chrome,121.87568873332445,500,0.0
U00042,U00042_S2,2024-01-08 11:00:56,form_submit,element_23,,,,,175.83097815928076,52.58848791617578,Desktop,Firefox,25.913936426181778,None,0.0
U00025,U00025_S1,2024-01-20 22:17:04,click,element_20,964.0,696.0,,,9.167321593018077,120.56199326150126,Tablet,Chrome,80.36098838834839,None,1.0
U00025,U00025_S2,2024-03-07 16:26:52,click,,143.0,365.0,,,8.20873895375382,71.59152463450174,Desktop,Chrome,19.75857045400864,Timeout,0.0
U00046,U00046_S1,2024-01-22 07:28:00,hover,element_27,968.0,27.0,,3908.4591144971505,13.124840124095968,,Tablet,Chrome,,404,0.0
U00028,U00028_S1,2024-01-13 04:31:56,page_view,element_31,,,,17131.147373470605,26.0691817719991,76.67583610575592,Tablet,Edge,9.919999385890364,None,0.0
U00050,U00050_S1,2024-01-30 22:19:53,hover,element_8,673.0,639.0,,3937.018653266295,49.27964733356597,131.57764762134184,Mobile,Edge,61.67644519148828,None,0.0
U00038,U00038_S2,2024-02-10 02:17:12,form_submit,element_6,,,,,4.894113568028998,48.67463968550354,Tablet,Safari,7.912214109755656,None,1.0
U00002,U00002_S3,2024-02-15 01:43:44,form_submit,element_38,,,,,2.688448199867421,26.28478995139313,Desktop,Safari,61.8956569715001,None,0.0
U00006,U00006_S3,2024-02-22 17:08:14,scroll,element_19,,,89.0,,29.707658015643347,62.28252107913394,Mobile,Chrome,73.64943146093802,500,0.0
U00045,U00045_S3,2024-01-23 14:10:20,page_view,element_3,,,,273.55619152327716,5.540614817459824,24.35482738861051,Tablet,Firefox,23.538835718494113,None,0.0
U00003,U00003_S3,2024-03-07 22:50:37,click,element_31,1613.0,166.0,,,12.584205093045085,47.50054521850347,Mobile,Safari,,None,0.0
U00028,U00028_S2,2024-01-02 12:54:48,,element_26,1482.0,988.0,,,9.59683678803799,19.395806509514312,Desktop,Safari,25.631258835190774,None,
U00033,U00033_S3,2024-03-29 10:32:46,form_submit,element_47,,,,,24.18023910829131,21.93275385757809,Tablet,Edge,33.52949277207875,,0.0
U00047,U00047_S3,2024-02-15 09:12:38,form_submit,element_29,,,,,3.8247691695605908,29.937152886130196,Tablet,Firefox,17.383965412093925,404,0.0
U00012,U00012_S1,2024-01-26 13:56:48,click,element_45,1876.0,829.0,,,6.133510176747327,48.334790560025375,Tablet,Chrome,35.03903248479459,None,0.0
U00030,U00030_S2,2024-02-03 10:29:03,scroll,element_26,,,30.0,,40.39926933758348,128.81302678970033,Mobile,Safari,74.45287699055334,Timeout,0.0
,U00049_S1,2024-03-22 15:16:32,click,element_38,234.0,515.0,,,15.982957807387256,41.46384533743592,Desktop,Firefox,33.184805912097104,500,0.0
,,2024-01-06 10:11:02,scroll,element_46,,,5.0,,30.539249088184587,44.87332636027516,Desktop,Firefox,45.22339888225845,Timeout,0.0
U00037,U00037_S1,2024-03-06 06:34:27,hover,element_30,1441.0,82.0,,1502.693656806867,4.634668714072657,58.82226287451824,Mobile,Firefox,53.38904285704739,Timeout,0.0
U00044,U00044_S2,2024-03-21 22:53:14,form_submit,element_30,,,,,49.72019802207647,97.64812099920988,Tablet,Safari,174.3277821042121,,0.0
U00015,U00015_S2,2024-01-02 02:16:40,click,element_12,1613.0,461.0,,,7.612325873645498,38.463392940150364,Tablet,Safari,13.381234192824333,404,0.0
U00040,U00040_S1,2024-01-03 16:14:55,click,element_12,1087.0,977.0,,,22.83759148376318,69.79614294560099,Tablet,Firefox,23.986978595271644,None,0.0
U00035,U00035_S2,,page_view,element_26,,,,2087.0823988417415,38.97246643965522,87.88394951033672,Tablet,Edge,80.36171530316699,Timeout,0.0
U00020,,2024-02-23 14:01:23,form_submit,element_6,,,,,14.904820054351447,218.08272995613143,Tablet,,24.891104624422244,404,
U00012,U00012_S3,2024-01-16 17:22:39,hover,,31.0,754.0,,11364.722351860242,41.811755501533526,54.444587664794305,Mobile,Firefox,45.81070328541807,None,0.0
U00002,U00002_S3,2024-03-20 14:27:18,scroll,element_5,,,8.0,,30.142949531522717,66.01386857071495,Mobile,Safari,11.849122023884636,404,0.0
U00032,U00032_S1,2024-03-22 00:29:30,click,element_19,260.0,820.0,,,143.45857516216046,79.20031918529358,Tablet,Chrome,22.170354227508508,None,0.0
U00031,U00031_S1,2024-01-20 22:14:49,hover,element_38,1433.0,766.0,,2558.1709912835286,22.194660671971494,56.07237434166448,Desktop,Chrome,16.000179002733866,,0.0
U00025,U00025_S1,2024-03-29 05:45:07,click,element_32,454.0,662.0,,,13.118423598089432,27.302805005999446,Mobile,Edge,17.267968426670045,500,0.0
U00045,U00045_S1,2024-03-01 19:58:55,form_submit,element_36,,,,,22.570296839885316,33.11112412686548,Desktop,Safari,31.06127186536784,500,0.0
U00011,U00011_S2,2024-03-20 01:35:45,click,element_36,602.0,743.0,,,15.255833501970367,16.8268760909755,Desktop,Edge,23.756664426056624,None,0.0
,U00013_S2,2024-02-06 14:06:16,page_view,element_37,,,,2506.41981092486,39.083361204151444,174.47891116192844,Tablet,Chrome,22.478158069820022,Timeout,0.0
U00005,U00005_S1,2024-02-06 01:12:24,page_view,element_17,,,,301.9470814385873,62.21781819602545,18.039539126550505,Tablet,Safari,31.444401622209686,None,0.0
U00036,U00036_S3,2024-02-05 23:09:24,page_view,element_7,,,,169.29496661405068,36.474582391233774,44.917199176907424,Desktop,Chrome,23.00951465008794,None,0.0
U00008,U00008_S2,2024-02-26 04:27:39,page_view,element_43,,,,2879.984534719799,50.24708452100444,39.288541318012875,Tablet,Firefox,55.0546078082314,404,1.0
U00020,U00020_S2,2024-01-01 07:33:03,form_submit,element_37,,,,,11.993170540185258,108.4121724930403,Tablet,,20.422696671816926,None,0.0
U00029,U00029_S2,2024-03-08 23:51:14,page_view,element_17,,,,120.25764082151377,8.323644117077842,61.25514327257187,Mobile,Chrome,14.152186341861917,Timeout,0.0
U00038,U00038_S2,2024-01-13 22:48:37,form_submit,element_29,,,,,9.47821082216565,18.490504772365664,Desktop,Firefox,20.629678091323136,500,0.0
U00045,U00045_S1,2024-01-12 19:56:59,page_view,element_42,,,,1707.557934788497,41.21590686654708,118.34278343816679,Tablet,Edge,30.797486905000444,404,
U00005,U00005_S2,2024-02-01 11:17:09,hover,element_28,549.0,98.0,,812.983585656427,20.403675887924067,135.55686075649328,Desktop,Firefox,6.592974923930792,404,0.0
U00028,U00028_S2,2024-02-06 18:43:31,form_submit,element_10,,,,,13.408272745332157,13.764811004462578,Mobile,Chrome,18.541764454144474,None,0.0
U00025,U00025_S1,2024-03-23 01:40:31,click,element_15,1765.0,743.0,,,23.869987250101037,30.930373000551562,Desktop,Edge,101.27810996892065,404,0.0
U00046,U00046_S2,2024-02-28 23:26:11,click,element_23,1896.0,1000.0,,,15.831371043623584,45.593868456266755,Mobile,Chrome,71.01199985839929,None,0.0
U00043,U00043_S3,2024-02-04 00:16:16,click,,126.0,699.0,,,45.004254775627096,163.31098672331757,Desktop,Safari,8.666854774131556,None,0.0
U00025,U00025_S1,2024-02-25 01:08:49,page_view,element_38,,,,108.3888740782798,10.195755179097887,27.333631595390038,Tablet,Safari,91.43394894291652,500,1.0
U00015,U00015_S2,2024-03-12 17:18:46,hover,element_47,451.0,483.0,,3237.655858150206,55.17534745217352,151.5476684487563,Tablet,,140.45268744788973,500,0.0
U00033,U00033_S2,2024-01-02 13:54:52,click,element_40,497.0,290.0,,,20.035621787782794,14.212223788767403,Desktop,Chrome,44.71583096731695,None,0.0
U00020,U00020_S1,2024-03-06 12:00:38,hover,element_43,1653.0,590.0,,370.6236846297519,65.08734582281355,29.999442260831273,Mobile,Firefox,39.0146817754871,None,0.0
U00046,U00046_S3,2024-01-26 18:37:09,form_submit,element_1,,,,,9.098973092245606,50.00302770050126,Tablet,Chrome,35.72367513186204,None,0.0
,U00018_S1,2024-03-09 23:24:08,form_submit,element_6,,,,,2.251718421317047,160.93558049255785,Tablet,Edge,37.55980684757217,404,1.0
U00050,U00050_S1,2024-02-23 22:40:53,click,element_30,1099.0,613.0,,,19.656388936524827,194.02617586007287,Tablet,Chrome,36.42496762934013,None,0.0
U00014,U00014_S2,2024-02-05 12:50:31,scroll,element_30,,,21.0,,2.347194430145498,44.09882523291196,Tablet,Edge,14.750038581318737,None,0.0
U00032,U00032_S1,2024-02-02 18:29:19,click,element_11,322.0,517.0,,,9.911118679677628,397.3116850511666,Mobile,Edge,10.064827621148345,None,0.0
U00006,U00006_S2,2024-01-29 08:30:55,page_view,,,,,227.08071486651394,2.4801499102483016,73.03485637886521,Tablet,Chrome,141.98073249339862,None,0.0
,U00003_S3,2024-01-29 14:20:37,hover,element_22,570.0,777.0,,525.6715063230422,24.265741324867122,50.89340954650011,Desktop,Firefox,23.410281692951706,None,0.0
U00021,U00021_S2,2024-02-16 00:05:23,,element_20,,,,,49.4157842089684,72.23500161635607,Tablet,Safari,83.97768000622324,404,0.0
U00019,,2024-01-19 19:28:22,hover,element_17,1895.0,719.0,,478.60161309365753,23.109327788744324,91.07747592088099,Desktop,Chrome,19.42923865141844,Timeout,0.0
U00006,U00006_S3,2024-01-19 02:10:13,scroll,element_13,,,75.0,,61.641930799714736,112.66923524176471,Mobile,Safari,12.895510042744942,None,0.0
U00049,U00049_S2,2024-01-27 16:01:08,scroll,element_37,,,83.0,,5.23290159178917,93.35528942831486,Desktop,Chrome,46.83463641666228,Timeout,0.0
U00011,U00011_S1,,hover,element_5,1909.0,568.0,,1234.5615189432128,9.75287674204283,60.152825354822326,Desktop,Safari,34.635901128556824,404,0.0
U00047,U00047_S1,2024-01-06 12:42:32,click,element_44,,1035.0,,,24.9415324199735,27.043107849336288,Mobile,Edge,16.81802078240617,404,0.0
U00018,U00018_S1,2024-01-15 16:27:21,click,element_23,246.0,707.0,,,24.23917669236897,59.20708735575559,Mobile,Edge,15.896278551056138,None,0.0
U00015,U00015_S2,2024-02-25 00:06:22,page_view,element_36,,,,1931.6414232341363,16.838802649418987,49.70225655281842,Tablet,Safari,35.91747497006098,None,0.0
U00036,U00036_S2,2024-01-30 03:31:09,form_submit,element_12,,,,,86.03694103058479,52.39049698373581,Mobile,,55.61479900591667,,0.0
U00015,U00015_S2,2024-01-06 20:17:34,hover,element_16,300.0,1051.0,,7523.635987673109,12.683525096871536,55.882257017996714,Tablet,Chrome,7.18821810233564,404,0.0
U00012,U00012_S2,2024-03-14 21:22:15,form_submit,element_31,,,,,25.449715095655684,24.410307177136676,Mobile,Chrome,57.68378477186802,Timeout,0.0
U00046,U00046_S1,2024-01-23 23:54:14,click,element_35,256.0,425.0,,,31.52323220773052,193.94180458139806,Desktop,Firefox,18.159172481055887,None,0.0
U00016,U00016_S1,2024-02-08 16:19:31,hover,element_44,613.0,452.0,,3136.671968425491,11.239504721745039,48.413339112673576,Desktop,Edge,39.445873395291194,500,0.0
U00015,U00015_S2,2024-02-06 16:07:33,scroll,element_33,,,83.0,,28.997268092453044,176.51804177179233,Desktop,Firefox,49.873199864419426,500,0.0
U00025,U00025_S1,2024-03-03 19:05:56,page_view,element_21,,,,459.7494484751459,27.55518427327774,44.105666992607986,,Firefox,17.619180656199504,500,0.0
U00039,U00039_S3,2024-03-21 02:03:28,page_view,element_12,,,,1050.1296274394165,49.34370340125576,156.47839288051202,Tablet,Firefox,18.742012929113887,None,0.0
U00046,U00046_S1,2024-01-23 01:35:03,scroll,element_45,,,74.0,,16.580519521994592,80.39623170592296,Tablet,Firefox,10.211646187767299,None,0.0
U00015,U00015_S1,2024-03-01 10:21:55,hover,element_34,940.0,607.0,,293.38389731524046,13.183598572317498,208.6286972877303,Mobile,Safari,28.784992063903722,None,0.0
U00038,U00038_S2,2024-02-09 03:11:06,click,element_22,970.0,745.0,,,133.93803154966514,46.361625764263906,Desktop,Edge,17.910274036097153,Timeout,0.0
,U00013_S1,2024-02-06 18:12:13,hover,element_9,1391.0,881.0,,445.7806834909268,53.778292271408326,71.77686493154191,Tablet,Chrome,8.517838229657556,None,0.0
U00009,U00009_S3,2024-02-11 14:08:03,form_submit,element_48,,,,,52.96862502900513,163.49288010556126,Tablet,,16.32212052789164,None,0.0
U00011,U00011_S2,2024-02-12 01:26:06,page_view,element_5,,,,823.5178528340954,42.01599861485604,57.50259542761004,Desktop,Firefox,92.31802661906022,None,0.0
U00046,U00046_S3,2024-01-17 20:59:15,click,element_42,791.0,737.0,,,42.79007124694745,35.46244500548903,Tablet,Firefox,19.600079955472328,500,0.0
U00029,U00029_S3,2024-01-03 19:29:53,hover,element_7,536.0,623.0,,1726.3615973506132,8.934668556740652,16.36187772276302,Mobile,Chrome,3.9221450271663265,500,0.0
U00038,U00038_S1,2024-01-14 19:49:54,hover,,1122.0,1068.0,,2540.886596482146,,165.7802255770329,Tablet,Edge,105.29735480486916,None,0.0
U00006,U00006_S1,2024-02-06 02:52:07,hover,element_29,307.0,285.0,,523.5392700813123,30.782794221211134,32.071110322623014,Desktop,Chrome,31.433539802132433,404,0.0
U00016,U00016_S3,2024-03-27 13:20:33,click,element_37,963.0,909.0,,,8.91817495845144,52.26479208568342,Desktop,Chrome,36.28875705147939,Timeout,0.0
U00041,U00041_S2,2024-03-25 12:46:06,click,element_25,311.0,357.0,,,41.03982280744688,148.3734029202061,Tablet,Edge,89.11123721272136,Timeout,0.0
U00042,,2024-03-24 16:36:14,click,element_6,1714.0,743.0,,,18.83905523271249,16.8222491213911,Tablet,Firefox,39.590368635343346,500,0.0
U00006,U00006_S2,2024-02-24 04:55:38,form_submit,element_22,,,,,44.14100413889402,39.67655305222254,Desktop,Edge,35.900356033840204,Timeout,0.0
U00038,U00038_S2,2024-01-30 10:12:46,click,element_44,626.0,479.0,,,28.538372507361466,63.759655991480564,Tablet,Edge,11.108549296965577,Timeout,0.0
U00001,U00001_S2,2024-01-10 12:57:19,scroll,element_26,,,100.0,,86.71268385471451,8.887970750384055,Tablet,Safari,186.97846340522824,None,0.0
U00024,U00024_S1,2024-03-18 07:45:52,,element_36,,,,489.65327920219056,38.916146933736606,128.55694541666202,Desktop,Chrome,30.36711420886844,404,0.0
U00031,U00031_S3,2024-03-12 04:52:02,form_submit,element_42,,,,,4.403302992533602,32.982533633973645,Desktop,Safari,21.301224829632716,500,0.0
U00021,U00021_S2,2024-03-06 18:40:14,click,element_10,1374.0,568.0,,,7.711949273413523,105.31956682660397,Tablet,Edge,57.54947355932986,None,0.0
U00027,U00027_S1,2024-03-19 22:22:23,page_view,element_43,,,,1586.856429400473,26.627296731425012,50.94109769578926,Desktop,Chrome,3.8459568286837498,404,0.0
U00046,U00046_S1,2024-03-14 07:53:00,click,element_19,1431.0,315.0,,,15.010332221956524,13.004314324174578,Desktop,Chrome,219.8294087916247,None,0.0
U00021,U00021_S1,2024-03-30 11:38:24,hover,element_6,1611.0,80.0,,1911.7542101921629,38.69903103524392,,Mobile,Chrome,25.543811969878558,None,0.0
U00003,U00003_S2,2024-01-09 21:02:42,click,element_19,44.0,722.0,,,12.310063907614163,16.34575456081434,Desktop,Chrome,67.54721893849886,Timeout,0.0
U00029,U00029_S3,2024-02-12 11:38:11,scroll,element_4,,,97.0,,,52.979311529314835,Tablet,Edge,28.83914985518162,None,0.0
U00015,U00015_S2,2024-01-24 02:53:41,scroll,element_14,,,100.0,,39.36657448194608,,Desktop,Safari,45.990965696207894,500,0.0
U00045,U00045_S2,2024-01-25 14:34:39,page_view,element_47,,,,1874.9957163316271,131.05740533883562,48.74701971439933,Tablet,Safari,13.780152251919565,404,0.0
U00029,U00029_S3,2024-03-17 07:53:47,click,element_37,693.0,958.0,,,33.317140329126666,,Desktop,Firefox,16.908979049507767,None,0.0
U00045,U00045_S1,2024-02-29 06:45:28,scroll,element_1,,,76.0,,54.74655858408506,94.07583703538954,Tablet,Firefox,250.0291924953429,404,0.0
U00020,,2024-01-02 08:50:51,click,element_36,29.0,90.0,,,2.735437704998128,75.73335884503057,Desktop,Edge,39.017206832274084,None,0.0
U00008,U00008_S2,2024-03-23 21:08:01,form_submit,element_39,,,,,17.38314210950596,30.668707682806204,Desktop,Chrome,9.95016105996926,404,0.0
U00027,U00027_S2,2024-01-04 14:25:32,click,element_35,1800.0,25.0,,,24.858341274186742,46.73487094112563,Tablet,Chrome,12.932525344456046,None,0.0
U00025,U00025_S2,2024-02-01 18:06:41,page_view,element_43,,,,1737.7366155915631,22.854830680650082,51.827585048497205,Desktop,Chrome,157.8326660121888,500,0.0
U00045,U00045_S1,2024-03-08 12:11:16,click,element_29,1563.0,8.0,,,30.54169536818645,54.60297373437603,Desktop,Edge,57.46136548263602,Timeout,0.0
U00038,U00038_S3,2024-02-20 22:15:50,click,element_5,1087.0,,,,4.281741437296357,87.37676421573663,Tablet,Chrome,26.56271318412449,500,0.0
U00015,U00015_S2,2024-02-03 13:32:55,click,element_9,1123.0,616.0,,,11.775390545299913,42.42809914232997,Desktop,Chrome,25.33263592356802,Timeout,0.0
U00017,U00017_S2,2024-01-01 14:54:52,scroll,element_48,,,63.0,,13.286642496508037,29.42282350177698,Tablet,Chrome,43.73630377270796,500,0.0
U00007,U00007_S2,2024-03-10 22:21:44,,element_33,,,,,10.132596846554419,334.8962288655063,Tablet,Edge,13.839019866725025,None,0.0
U00005,U00005_S3,2024-02-20 00:51:06,click,element_32,1287.0,602.0,,,5.308036635411587,57.68002496733216,Desktop,Chrome,12.400538017728847,None,0.0
U00033,U00033_S1,2024-03-21 21:45:02,click,element_15,729.0,12.0,,,15.4709772811282,91.3681466608862,Mobile,Edge,34.79653486509617,None,0.0
U00050,U00050_S2,2024-03-10 20:40:50,click,element_30,521.0,517.0,,,65.88235493261843,118.59000795559699,Tablet,Safari,31.397283282836746,None,0.0
U00022,U00022_S1,2024-03-04 09:19:26,hover,element_36,815.0,366.0,,316.60571545256073,25.211575393690254,31.95341800930417,Tablet,Safari,11.514049183975306,500,0.0
U00045,U00045_S3,2024-03-16 19:51:31,scroll,element_37,,,11.0,,31.282689415536808,63.065902421645575,Tablet,Firefox,18.7790867665674,None,0.0
U00015,U00015_S2,2024-02-26 15:19:46,scroll,element_48,,,23.0,,24.749592388400995,53.52414943395312,Mobile,Chrome,57.15525068297035,404,0.0
U00031,U00031_S1,2024-03-14 23:06:08,page_view,element_3,,,,686.9807321108204,3.4866020291850237,24.11867464413265,Mobile,Firefox,39.08667424566067,None,0.0
U00036,U00036_S2,2024-01-24 06:24:03,page_view,element_30,,,,16718.617653917972,29.959236236636357,123.88366704939162,Mobile,Firefox,56.15489645519966,None,0.0
U00020,U00020_S3,2024-02-01 02:18:38,hover,element_3,689.0,982.0,,1620.047622625687,24.361790212636926,80.55886722605761,Mobile,Chrome,9.423868298187413,None,0.0
U00045,U00045_S3,2024-03-29 03:36:41,hover,element_48,1115.0,584.0,,606.8700227256445,51.30252970029973,139.2211432667514,Mobile,Firefox,28.946951286097736,None,0.0
U00018,U00018_S2,2024-01-05 20:39:05,click,element_18,1221.0,5.0,,,21.04648082871071,69.49590290272948,Mobile,Edge,30.094468181819195,500,0.0
U00027,U00027_S1,2024-01-21 15:37:03,,element_29,1601.0,599.0,,,40.21704185046479,7.037581183230692,Mobile,Safari,22.343485532898057,None,0.0
U00030,U00030_S1,2024-01-17 00:51:45,click,element_27,,142.0,,,4.3166032692158565,25.644231960663376,Desktop,Chrome,9.510719271419196,None,0.0
U00038,U00038_S3,2024-01-12 02:08:45,click,,646.0,650.0,,,5.205291150422766,61.82999643267432,Mobile,Safari,24.142875912252787,Timeout,0.0
U00040,U00040_S1,2024-02-10 03:13:52,form_submit,element_16,,,,,80.91315925978661,75.92644175614251,Desktop,Firefox,38.17788814587235,None,0.0
U00041,U00041_S2,2024-01-08 22:08:45,scroll,element_32,,,10.0,,22.735849897071326,86.22350698694254,Desktop,Firefox,30.528839201589186,None,0.0
U00003,U00003_S1,2024-02-04 10:58:17,form_submit,element_26,,,,,17.063622116490762,132.3214148924553,Tablet,Edge,,None,0.0
U00024,U00024_S1,2024-02-02 10:52:06,form_submit,element_26,,,,,16.66948141161718,79.11458245377919,Tablet,Chrome,67.41236684571953,404,0.0
U00017,U00017_S1,2024-02-06 00:24:33,form_submit,,,,,,62.54671293454174,166.0390988957111,Desktop,Safari,12.063612199498206,None,0.0
U00024,U00024_S1,2024-03-16 02:57:21,scroll,element_21,,,,,3.1168465246674333,11.684402299055778,Desktop,Firefox,35.90966915076896,None,0.0
U00027,U00027_S1,2024-01-25 19:20:10,hover,element_8,1879.0,133.0,,,152.91728335056874,50.010367893857676,Desktop,Firefox,14.059489779195992,None,1.0
U00021,U00021_S2,2024-02-17 14:14:14,scroll,element_36,,,33.0,,17.088621025859172,22.92529788829244,Mobile,Safari,20.49032000211439,None,
U00017,U00017_S1,,hover,element_38,291.0,851.0,,1099.872153749123,17.253248791321283,204.00005242590396,Mobile,Firefox,62.03228926674995,None,0.0
U00025,U00025_S2,2024-02-10 22:23:00,form_submit,element_13,,,,,21.31674821773431,39.75187605784144,Mobile,Chrome,23.6570348009248,404,0.0
U00002,U00002_S3,2024-01-25 20:09:56,scroll,element_24,,,66.0,,7.964921742237184,106.33030326516334,Tablet,Chrome,15.909816169341703,None,0.0
U00050,U00050_S1,2024-01-02 19:54:12,form_submit,element_18,,,,,12.008138859098045,25.892181828936355,Tablet,Firefox,9.07174066845035,Timeout,0.0
U00048,U00048_S2,2024-03-23 09:06:19,hover,element_40,318.0,33.0,,4119.245520536126,109.48381669434107,27.96579959134452,Tablet,Edge,30.142830042763492,Timeout,0.0
U00015,U00015_S1,2024-02-22 06:36:43,click,element_48,,,,,8.27300960498577,108.19868001795564,Desktop,Chrome,67.91392403339539,500,0.0
U00007,U00007_S3,2024-03-13 02:35:11,hover,element_20,1107.0,389.0,,2349.911289544558,22.768164470738135,270.4182210420315,Tablet,Firefox,42.550049258851274,404,0.0
U00048,U00048_S2,2024-02-21 00:04:35,click,element_24,1485.0,129.0,,,68.25768134105067,158.17175187926097,Mobile,Chrome,54.571598166479674,None,0.0
,U00020_S2,2024-03-18 20:20:42,hover,element_47,168.0,428.0,,452.6766611101888,11.193179909879982,94.06363492460268,Mobile,Chrome,7.4208906596316,404,
U00014,U00014_S2,2024-02-01 16:42:31,page_view,element_49,,,,7451.263263897646,83.1963459562047,58.89715889342819,Mobile,Edge,20.078675732288822,None,0.0
U00044,U00044_S3,2024-03-23 06:37:59,click,element_17,690.0,532.0,,,69.63597357115815,35.41388197711478,Desktop,Firefox,47.59463575842316,Timeout,0.0
U00034,U00034_S2,2024-01-03 09:21:18,click,element_22,1103.0,603.0,,,144.41558199496995,23.831391310041738,Tablet,Chrome,,None,0.0
U00046,U00046_S2,2024-03-19 15:33:20,scroll,element_14,,,9.0,,8.986184999461257,26.35705033887752,Desktop,Edge,16.204282114854482,500,0.0
U00010,U00010_S1,2024-01-18 10:43:31,scroll,element_48,,,52.0,,4.774663075260524,101.18789037154815,Desktop,Safari,59.506907645884375,None,0.0
U00048,U00048_S2,2024-01-11 00:16:32,click,element_44,1516.0,403.0,,,25.8652453804533,77.74421306290051,Tablet,Edge,38.36877250259852,None,0.0
U00046,U00046_S3,2024-02-17 14:30:25,scroll,element_18,,,58.0,,14.159821243231644,13.582567880281333,Tablet,Edge,16.496882532593485,Timeout,0.0
U00017,U00017_S1,2024-01-26 03:46:28,,element_22,1288.0,578.0,,165.05354351654933,8.665325082253668,37.50292204326838,Mobile,Safari,69.6788806896769,Timeout,0.0
U00003,U00003_S1,2024-01-20 21:08:27,scroll,element_35,,,93.0,,49.882157557482465,241.62441931210918,Desktop,Chrome,17.534573270517175,None,0.0
U00020,U00020_S3,2024-01-11 14:13:59,click,element_36,1167.0,846.0,,,8.373319189445663,20.48841864541083,Desktop,,54.49765645295605,None,0.0
U00009,U00009_S3,2024-02-11 18:50:27,form_submit,element_8,,,,,2.7082900214255456,102.6131944550808,Desktop,,283.3225647197177,None,0.0
U00035,U00035_S3,2024-02-27 07:28:04,click,element_48,393.0,944.0,,,23.84965144879431,78.005023822056,Tablet,Edge,31.43418836003651,500,0.0
U00038,U00038_S3,2024-01-06 13:57:42,hover,element_25,546.0,579.0,,191.69066473090953,20.718369018921166,77.95970132000382,Tablet,,19.321945557542804,None,0.0
U00045,U00045_S1,2024-01-28 08:18:36,click,element_46,1829.0,121.0,,,3.600666842748223,122.47165856962944,Mobile,Edge,49.18919694474652,None,0.0
U00003,U00003_S2,2024-03-09 01:35:09,page_view,element_24,,,,677.997169000025,24.625975613719536,18.57139571653866,Desktop,Chrome,12.819869686096538,500,0.0
U00045,U00045_S1,2024-01-25 02:12:15,form_submit,element_28,,,,,30.85717511603883,55.29340159705963,,Firefox,31.71912315187974,None,0.0
U00048,U00048_S1,2024-01-06 04:15:47,click,,1267.0,942.0,,,26.413030277540706,58.78681458153832,Desktop,Safari,90.63756643965225,None,0.0
U00009,U00009_S1,2024-01-22 00:49:27,form_submit,element_28,,,,,20.9445676003019,239.36765991598097,Tablet,Chrome,65.6709276451087,500,0.0
U00032,U00032_S3,2024-02-29 02:41:49,page_view,element_13,,,,364.8164327141205,25.857672269668736,103.32548997653679,Tablet,,76.953324538445,404,0.0
,U00032_S3,2024-02-22 15:39:34,click,element_18,1291.0,831.0,,,54.85934674415535,67.37221878047175,Tablet,Safari,96.32555414588099,Timeout,0.0
U00008,U00008_S1,2024-03-16 13:31:46,scroll,element_6,,,9.0,,15.986337161359959,102.77839466678921,Tablet,Safari,151.36695320255754,500,0.0
U00039,U00039_S1,2024-03-29 06:06:50,scroll,element_27,,,95.0,,13.766640166415748,67.2802107272144,Desktop,Chrome,45.35679359527798,None,0.0
,U00032_S1,2024-02-12 22:42:01,scroll,element_25,,,96.0,,31.435934032244642,159.60296714980393,Desktop,Edge,12.761548346391498,None,0.0
U00043,U00043_S2,2024-01-01 16:25:07,page_view,element_25,,,,326.4946957804224,31.897990250386716,161.36324020101398,Tablet,Safari,40.535861461071555,500,0.0
U00025,U00025_S3,2024-01-20 15:14:32,scroll,element_14,,,99.0,,41.175063388105855,165.88698203963133,Desktop,Chrome,30.647585987048313,None,0.0
U00050,,2024-03-15 05:53:28,click,element_35,467.0,1007.0,,,2.5973226004836114,27.9000757116432,Tablet,Edge,76.40308031898604,Timeout,
U00002,U00002_S1,2024-03-09 05:02:09,form_submit,element_3,,,,,26.97757557773495,29.204209912072148,Desktop,Edge,52.87154936706997,None,0.0
U00023,U00023_S1,2024-01-05 15:29:09,scroll,element_48,,,99.0,,12.498185027989217,85.85820378287083,Mobile,Chrome,34.85572782819765,500,0.0
U00012,U00012_S1,2024-02-01 20:40:05,page_view,element_32,,,,2243.6721790696956,41.802595466009954,86.35225942332067,Mobile,Safari,33.38956478833071,None,0.0
U00038,U00038_S3,2024-01-22 08:23:57,hover,element_12,662.0,278.0,,5070.092049664738,65.76440147361546,45.555403301979915,Desktop,Safari,121.87646075110347,None,0.0
U00014,U00014_S1,2024-01-06 17:27:06,form_submit,element_39,,,,,11.547108397803486,142.01850217436214,Tablet,Firefox,166.59739105049331,None,0.0
U00019,U00019_S3,2024-03-27 17:09:28,page_view,element_39,,,,4159.144692113085,4.012132845309919,11.07457760620941,Mobile,Safari,77.4099830027377,500,0.0
U00015,U00015_S3,2024-02-06 20:45:22,form_submit,,,,,,7.52432144140222,39.619496282184684,,Chrome,63.650780907013086,None,0.0
,U00002_S3,2024-03-19 16:14:00,form_submit,element_30,,,,,11.941150108118759,44.81364429674053,Mobile,Edge,45.95604151830683,404,0.0
U00012,U00012_S1,2024-02-27 09:19:46,scroll,element_14,,,55.0,,112.57469282935497,62.61705435367297,Tablet,Chrome,40.334117858792894,Timeout,0.0
U00005,U00005_S2,2024-03-04 07:13:16,form_submit,element_8,,,,,22.624076483624858,,Mobile,Chrome,80.89599013556663,None,0.0
U00018,U00018_S1,2024-02-26 07:50:26,form_submit,element_21,,,,,4.732548361613932,66.72976655215851,Mobile,Firefox,42.21301931992687,404,0.0
U00044,U00044_S3,2024-03-06 13:50:53,form_submit,element_36,,,,,2.6831286494101683,19.376079227246315,Tablet,Firefox,89.37980561530291,None,0.0
U00010,U00010_S1,2024-03-21 04:04:27,click,element_26,1641.0,,,,62.556854064376765,14.359431540929252,Tablet,Safari,47.28662711044526,500,0.0
U00044,U00044_S3,2024-03-09 07:58:35,click,element_12,878.0,849.0,,,23.18444873077082,19.528623556109594,Tablet,Edge,57.0400851381761,500,0.0
U00020,U00020_S3,2024-03-26 16:49:39,click,,1124.0,475.0,,,20.473021937416558,43.28939687512991,Mobile,Edge,38.08146686156441,Timeout,0.0
U00026,U00026_S1,2024-03-11 19:57:31,form_submit,element_13,,,,,10.626798353456572,181.00391029917122,Desktop,Chrome,24.19126211706845,500,0.0
U00014,U00014_S3,2024-01-14 14:42:58,page_view,element_20,,,,1535.0067455429075,3.2065985173394926,46.59293060334942,Tablet,Edge,23.492897252186772,500,0.0
U00007,U00007_S3,2024-03-12 10:39:36,click,,425.0,612.0,,,20.28570206472218,98.90891571824032,Desktop,Firefox,68.58923794202306,500,0.0
