User_ID,Session_ID,Referral_Source,Device_Type,Region,Step_1_Visited,Step_2_Clicked,Step_3_Submitted,Step_4_Confirmed,Completion,Exit_Step,Time_Between_Steps_s
U00001,S00001,Referral,,West,1.0,1.0,0.0,0.0,0.0,3.0,20.646449367641512
U00002,S00002,Social,Tablet,South,1.0,1.0,0.0,0.0,0.0,3.0,9.237624546237775
U00003,S00003,Paid,Mobile,South,1.0,0.0,0.0,0.0,0.0,2.0,
U00004,S00004,Referral,Mobile,East,0.0,0.0,0.0,0.0,0.0,1.0,34.10865994197152
,S00005,Referral,Mobile,South,,1.0,1.0,0.0,,4.0,11.976916655442913
U00006,S00006,Organic,Desktop,South,1.0,1.0,1.0,0.0,0.0,4.0,5.0081550306457565
U00007,S00007,Organic,Desktop,East,1.0,0.0,0.0,0.0,0.0,2.0,19.499924352131508
U00008,S00008,Organic,Mobile,South,1.0,1.0,1.0,0.0,0.0,4.0,14.161513697009868
U00009,S00009,Paid,Tablet,North,1.0,1.0,0.0,0.0,0.0,3.0,21.174191712156695
U00010,S00010,Direct,Tablet,East,1.0,1.0,0.0,0.0,0.0,3.0,19.518455766106158
U00011,S00011,Referral,Tablet,North,1.0,1.0,1.0,1.0,1.0,0.0,2.505489479573755
U00012,S00012,Paid,Desktop,North,1.0,1.0,0.0,0.0,0.0,3.0,42.73549459024489
U00013,S00013,Organic,Desktop,South,1.0,1.0,0.0,0.0,0.0,3.0,9.307135266524636
U00014,S00014,Organic,Desktop,East,1.0,1.0,1.0,1.0,1.0,0.0,69.14431099208383
U00015,S00015,Paid,Desktop,West,1.0,1.0,1.0,1.0,1.0,0.0,21.269195703508903
U00016,S00016,,Desktop,East,1.0,0.0,0.0,0.0,0.0,2.0,43.53849990288585
U00017,S00017,Referral,Mobile,South,0.0,0.0,0.0,0.0,0.0,1.0,33.17573861170721
U00018,S00018,Organic,Tablet,East,1.0,0.0,0.0,0.0,0.0,2.0,48.57188387839756
U00019,S00019,Organic,Desktop,South,1.0,1.0,1.0,1.0,1.0,0.0,15.360799441218443
,S00020,Referral,Desktop,West,1.0,1.0,0.0,0.0,0.0,3.0,16.778281497612888
U00021,S00021,Social,Tablet,South,1.0,1.0,1.0,0.0,0.0,4.0,40.407724492059735
U00022,S00022,Organic,Mobile,North,,0.0,0.0,0.0,0.0,,20.954543410969716
U00023,S00023,Referral,Mobile,West,1.0,1.0,1.0,0.0,0.0,4.0,13.383480419511784
U00024,S00024,Paid,Desktop,South,1.0,1.0,0.0,0.0,0.0,3.0,16.217820539088564
U00025,S00025,Paid,Mobile,South,1.0,1.0,0.0,0.0,0.0,3.0,22.508025052345104
U00026,S00026,Organic,Tablet,East,1.0,1.0,1.0,1.0,1.0,0.0,24.33520664217262
U00027,S00027,Direct,Desktop,East,1.0,1.0,1.0,0.0,0.0,4.0,52.83571113776749
U00028,S00028,Social,Mobile,South,1.0,1.0,0.0,0.0,0.0,3.0,12.198784373698834
U00029,S00029,Paid,Tablet,North,1.0,0.0,0.0,0.0,0.0,2.0,8.71114237138867
U00030,S00030,Organic,Mobile,East,1.0,0.0,0.0,0.0,0.0,2.0,50.67939590771611
U00031,S00031,Referral,Mobile,East,1.0,0.0,0.0,0.0,0.0,2.0,9.171542613430283
U00032,S00032,Organic,,West,1.0,1.0,1.0,0.0,0.0,4.0,18.445417747992973
U00033,S00033,Direct,Mobile,East,1.0,1.0,1.0,0.0,0.0,4.0,34.68080765699985
U00034,S00034,Referral,Tablet,North,1.0,1.0,,0.0,0.0,4.0,11.073800543237708
U00035,S00035,Referral,Tablet,South,1.0,1.0,1.0,0.0,0.0,4.0,17.55433251567505
U00036,S00036,Organic,Desktop,West,1.0,1.0,0.0,0.0,0.0,3.0,19.20768273428054
U00037,S00037,Direct,Tablet,South,1.0,0.0,0.0,0.0,0.0,2.0,10.726886489357748
U00038,S00038,Organic,Tablet,East,1.0,1.0,1.0,0.0,0.0,4.0,31.693539464827946
U00039,S00039,Paid,Mobile,South,1.0,1.0,0.0,0.0,0.0,3.0,62.60638249825454
,S00040,Referral,Mobile,North,1.0,,1.0,0.0,0.0,4.0,18.33195529036045
U00041,S00041,Paid,Tablet,South,1.0,1.0,1.0,1.0,1.0,0.0,33.3714304990338
U00042,S00042,Organic,Tablet,South,1.0,0.0,0.0,0.0,0.0,2.0,13.605502754835081
U00043,S00043,Paid,Tablet,East,1.0,1.0,0.0,0.0,0.0,3.0,16.88819205051316
U00044,S00044,Referral,Tablet,East,1.0,1.0,0.0,0.0,0.0,3.0,18.354790625153772
U00045,S00045,Referral,Mobile,North,1.0,1.0,0.0,0.0,0.0,3.0,6.847555322330252
U00046,S00046,Direct,Desktop,West,1.0,1.0,0.0,0.0,0.0,3.0,80.20470495210188
U00047,S00047,Social,Desktop,West,1.0,0.0,0.0,0.0,0.0,2.0,32.808104096950885
U00048,S00048,Social,Mobile,East,0.0,0.0,0.0,0.0,0.0,1.0,14.549650580171269
U00049,S00049,Social,Tablet,South,1.0,1.0,1.0,0.0,0.0,4.0,9.974173607009202
U00050,S00050,Paid,Desktop,North,1.0,0.0,0.0,0.0,0.0,,13.092257137608486
U00051,S00051,Direct,Mobile,South,1.0,1.0,0.0,0.0,0.0,3.0,8.914644949222748
U00052,S00052,Referral,Tablet,East,1.0,1.0,0.0,0.0,0.0,3.0,12.92182260773125
U00053,S00053,Referral,Desktop,South,1.0,1.0,1.0,1.0,1.0,0.0,42.558550114629526
U00054,S00054,Paid,Desktop,South,1.0,1.0,1.0,0.0,0.0,4.0,19.994384045769856
U00055,S00055,Referral,Mobile,East,1.0,,0.0,0.0,0.0,3.0,22.744472748711438
,S00056,Organic,Desktop,,1.0,,0.0,0.0,0.0,3.0,11.942779589267335
U00057,S00057,Paid,Mobile,South,1.0,,0.0,0.0,0.0,2.0,7.172016653705495
U00058,S00058,Social,Desktop,North,1.0,1.0,0.0,0.0,0.0,3.0,17.82567449596364
U00059,S00059,Social,Mobile,East,1.0,1.0,1.0,0.0,0.0,4.0,24.81123671060773
U00060,S00060,Direct,Tablet,East,1.0,1.0,0.0,0.0,0.0,3.0,9.524665086954585
U00061,S00061,Paid,Desktop,North,1.0,1.0,0.0,0.0,0.0,3.0,43.72288692590749
U00062,S00062,Referral,Mobile,North,1.0,0.0,0.0,0.0,0.0,2.0,36.527191483963136
U00063,S00063,Organic,Tablet,West,1.0,0.0,0.0,0.0,0.0,2.0,18.16522714275458
U00064,S00064,Organic,Mobile,East,1.0,1.0,1.0,0.0,0.0,4.0,9.413126857304325
U00065,S00065,Organic,Desktop,North,1.0,0.0,,0.0,0.0,2.0,8.049051404826397
U00066,S00066,Organic,Mobile,East,1.0,0.0,0.0,0.0,0.0,2.0,13.275729520511263
U00067,S00067,Direct,Desktop,East,1.0,0.0,0.0,0.0,0.0,2.0,19.985275136736593
U00068,S00068,Paid,Tablet,North,1.0,0.0,0.0,0.0,0.0,2.0,4.8400535549859445
U00069,S00069,Paid,Mobile,West,1.0,1.0,0.0,0.0,0.0,3.0,21.1009715059907
U00070,S00070,Referral,Desktop,South,1.0,1.0,0.0,0.0,0.0,3.0,21.344142519210926
U00071,S00071,Organic,,South,1.0,1.0,1.0,0.0,0.0,4.0,19.900604715408278
U00072,S00072,Referral,Mobile,East,1.0,0.0,0.0,0.0,0.0,2.0,36.74232000353334
U00073,,Organic,Tablet,West,1.0,1.0,1.0,0.0,0.0,4.0,18.894334781557728
U00074,S00074,Paid,Mobile,East,1.0,1.0,1.0,1.0,1.0,0.0,57.89522781467549
U00075,S00075,Social,Mobile,South,1.0,1.0,1.0,0.0,0.0,4.0,32.302792157108826
U00076,S00076,Social,Mobile,South,1.0,1.0,0.0,,0.0,3.0,8.66328260707339
U00077,S00077,Organic,Mobile,West,1.0,0.0,0.0,0.0,0.0,2.0,77.52572170375102
U00078,S00078,Referral,Mobile,North,1.0,0.0,0.0,0.0,0.0,2.0,17.600571279648037
U00079,S00079,Paid,Tablet,West,1.0,1.0,1.0,1.0,1.0,0.0,29.915593612964
U00080,S00080,Referral,Mobile,West,1.0,,1.0,1.0,1.0,0.0,17.585619353779926
U00081,S00081,Referral,Tablet,East,1.0,0.0,0.0,0.0,0.0,2.0,48.9368598788064
U00082,S00082,Organic,Desktop,East,1.0,0.0,0.0,0.0,0.0,2.0,6.092713759581307
U00083,S00083,Paid,Desktop,,1.0,1.0,1.0,1.0,1.0,,8.69678764476638
U00084,S00084,Paid,Mobile,North,1.0,1.0,1.0,0.0,0.0,4.0,44.14143580922421
U00085,S00085,Organic,Tablet,West,0.0,0.0,0.0,0.0,0.0,1.0,19.458290223912197
U00086,S00086,Social,Desktop,East,1.0,1.0,1.0,0.0,0.0,4.0,7.941296879135116
U00087,S00087,Paid,Mobile,West,1.0,1.0,0.0,0.0,0.0,3.0,7.85167191987798
U00088,S00088,Organic,Mobile,East,1.0,1.0,1.0,0.0,0.0,4.0,31.781713180116192
U00089,S00089,Direct,Desktop,South,1.0,1.0,1.0,0.0,0.0,4.0,31.14790099855367
U00090,S00090,Paid,Desktop,South,1.0,,0.0,0.0,0.0,3.0,100.20554444551217
U00091,S00091,Referral,Desktop,East,1.0,,1.0,0.0,0.0,4.0,6.529320200452104
U00092,S00092,Paid,Mobile,West,1.0,1.0,0.0,0.0,0.0,3.0,24.566161978480324
U00093,S00093,Paid,Tablet,North,1.0,1.0,0.0,0.0,0.0,3.0,6.388011230533495
U00094,S00094,Paid,Tablet,East,0.0,0.0,0.0,0.0,0.0,1.0,33.008377819630596
U00095,S00095,Direct,Desktop,West,1.0,1.0,0.0,0.0,0.0,3.0,180.9091294445141
U00096,S00096,Organic,Mobile,North,1.0,1.0,0.0,0.0,0.0,3.0,13.338621216803078
U00097,S00097,Organic,Tablet,West,1.0,0.0,0.0,0.0,0.0,2.0,5.4536066649393815
U00098,S00098,Direct,Desktop,South,1.0,1.0,1.0,0.0,0.0,4.0,44.448989157893514
U00099,S00099,Direct,Desktop,North,1.0,1.0,0.0,0.0,0.0,3.0,12.412898231989779
U00100,S00100,Direct,Desktop,West,1.0,1.0,1.0,1.0,1.0,0.0,45.973423598854644
U00101,S00101,Social,Mobile,West,1.0,1.0,1.0,0.0,0.0,4.0,11.813968976183501
U00102,S00102,Referral,Desktop,West,0.0,0.0,0.0,0.0,0.0,1.0,20.65579774216051
U00103,S00103,Social,Desktop,South,,0.0,0.0,0.0,0.0,2.0,27.73254416262638
U00104,S00104,Paid,Desktop,South,1.0,1.0,0.0,0.0,0.0,3.0,18.94127247114426
U00105,S00105,Organic,Desktop,North,1.0,1.0,0.0,0.0,0.0,3.0,24.86482988704288
U00106,S00106,Organic,Tablet,South,1.0,1.0,1.0,1.0,1.0,0.0,37.73062357217497
U00107,S00107,,Tablet,North,1.0,1.0,1.0,0.0,0.0,4.0,35.20304937903632
U00108,S00108,Referral,Desktop,West,1.0,0.0,0.0,0.0,0.0,2.0,35.633228483730534
U00109,S00109,Direct,Tablet,South,1.0,1.0,1.0,0.0,0.0,4.0,10.155462033440099
U00110,S00110,Paid,Tablet,North,1.0,1.0,1.0,0.0,0.0,4.0,54.57643429707319
U00111,S00111,Direct,Desktop,West,1.0,0.0,0.0,0.0,0.0,2.0,12.336022984166059
U00112,S00112,Organic,Tablet,West,1.0,1.0,1.0,1.0,1.0,,17.55928378430593
U00113,S00113,Organic,Mobile,East,1.0,1.0,0.0,0.0,0.0,3.0,11.808526655972797
U00114,S00114,Referral,Tablet,West,1.0,1.0,0.0,0.0,0.0,3.0,11.822719250584806
U00115,S00115,Social,Desktop,East,1.0,1.0,1.0,0.0,0.0,4.0,33.100640736328735
U00116,S00116,Organic,Desktop,North,1.0,1.0,0.0,0.0,0.0,3.0,9.856962724729533
U00117,S00117,Social,Desktop,South,1.0,1.0,1.0,0.0,0.0,4.0,18.165241954987586
U00118,S00118,Referral,Desktop,East,1.0,1.0,0.0,0.0,0.0,3.0,10.380779828989976
U00119,S00119,Paid,Mobile,East,1.0,1.0,0.0,0.0,0.0,3.0,25.14747408076055
U00120,S00120,Paid,Desktop,North,1.0,1.0,0.0,0.0,0.0,3.0,17.374701602131704
U00121,S00121,Paid,Mobile,West,1.0,0.0,0.0,0.0,0.0,2.0,13.12345456962341
U00122,S00122,Social,Tablet,South,1.0,1.0,0.0,0.0,0.0,3.0,29.011425999150102
U00123,S00123,Referral,Mobile,East,1.0,1.0,0.0,0.0,0.0,3.0,16.42628929273726
U00124,S00124,Paid,,North,1.0,1.0,1.0,0.0,0.0,4.0,15.415328685508044
U00125,S00125,Paid,Mobile,East,1.0,0.0,0.0,0.0,0.0,2.0,30.049374059080233
U00126,S00126,Organic,Mobile,West,1.0,1.0,1.0,0.0,0.0,4.0,8.230269672519286
U00127,S00127,Referral,Desktop,South,0.0,0.0,0.0,0.0,0.0,1.0,107.92509667062433
U00128,S00128,Direct,Tablet,North,1.0,0.0,0.0,0.0,0.0,2.0,34.86564298057385
U00129,S00129,Organic,Tablet,South,1.0,1.0,1.0,1.0,1.0,0.0,47.08155364655358
U00130,S00130,Referral,Desktop,West,1.0,1.0,0.0,0.0,0.0,3.0,8.205597856653744
U00131,S00131,Paid,Tablet,East,1.0,1.0,0.0,0.0,0.0,3.0,32.019010323729894
U00132,S00132,Paid,Desktop,East,1.0,1.0,0.0,0.0,0.0,3.0,90.04888532612318
U00133,S00133,Direct,Mobile,North,1.0,0.0,0.0,,0.0,2.0,10.02787943877289
U00134,S00134,Referral,Desktop,West,1.0,0.0,,0.0,0.0,2.0,22.472845746701246
U00135,S00135,Social,Tablet,North,1.0,1.0,0.0,0.0,0.0,3.0,13.550992475309156
U00136,,Direct,Desktop,South,1.0,1.0,1.0,1.0,1.0,0.0,39.66878187526499
U00137,S00137,Direct,Desktop,East,1.0,1.0,1.0,1.0,1.0,0.0,27.090613754076887
U00138,S00138,Direct,Mobile,South,1.0,1.0,,0.0,0.0,3.0,15.087956990381342
U00139,S00139,Referral,Mobile,North,1.0,0.0,0.0,0.0,0.0,2.0,22.06802442219003
U00140,S00140,Referral,Tablet,North,1.0,1.0,0.0,0.0,0.0,3.0,38.47011689933997
U00141,S00141,Organic,Tablet,South,0.0,0.0,0.0,0.0,0.0,1.0,6.298431863298877
U00142,S00142,Direct,Desktop,South,1.0,1.0,1.0,0.0,0.0,4.0,18.629661974445884
U00143,S00143,Organic,Tablet,West,1.0,0.0,0.0,0.0,0.0,2.0,31.97150505269424
U00144,S00144,Referral,Desktop,West,1.0,0.0,0.0,0.0,0.0,2.0,47.54131629309934
U00145,S00145,Paid,Desktop,West,1.0,0.0,0.0,0.0,0.0,2.0,17.472393596874674
U00146,S00146,Organic,Tablet,East,1.0,1.0,1.0,1.0,1.0,0.0,26.04264189235639
U00147,S00147,Referral,,East,1.0,1.0,1.0,0.0,0.0,4.0,6.236917337803535
U00148,S00148,Paid,Mobile,South,1.0,1.0,1.0,1.0,1.0,0.0,20.717227423834977
U00149,S00149,Organic,Tablet,West,1.0,1.0,1.0,1.0,1.0,0.0,13.050860346717984
U00150,S00150,Organic,Mobile,East,1.0,1.0,1.0,0.0,0.0,4.0,19.184647906482777
U00151,S00151,Organic,Mobile,West,1.0,1.0,1.0,0.0,0.0,4.0,15.432739870236771
U00152,S00152,Referral,Desktop,North,1.0,0.0,0.0,0.0,0.0,2.0,17.18282296418804
U00153,S00153,Referral,Tablet,South,1.0,1.0,0.0,0.0,0.0,3.0,32.978169460323464
U00154,S00154,Paid,Tablet,South,1.0,1.0,0.0,0.0,0.0,3.0,6.813930332018815
U00155,S00155,Organic,Tablet,West,1.0,1.0,1.0,0.0,0.0,4.0,2.2532676944063663
U00156,S00156,Organic,Desktop,South,1.0,0.0,0.0,0.0,0.0,,74.95197028051203
U00157,S00157,Paid,Tablet,East,1.0,1.0,1.0,0.0,0.0,4.0,52.19175260276546
U00158,S00158,Referral,Mobile,West,1.0,0.0,0.0,0.0,0.0,2.0,18.04160792527726
U00159,S00159,Referral,Tablet,East,1.0,1.0,0.0,0.0,0.0,3.0,10.418866631008692
,S00160,Paid,Mobile,South,1.0,0.0,0.0,,0.0,2.0,35.625028993278946
U00161,S00161,Direct,Tablet,South,1.0,1.0,1.0,0.0,0.0,4.0,17.872319495634024
U00162,S00162,Organic,Tablet,East,1.0,0.0,0.0,0.0,0.0,2.0,18.351175844094982
U00163,S00163,Referral,Mobile,East,1.0,0.0,0.0,0.0,0.0,2.0,27.912362487086153
U00164,S00164,Paid,Mobile,East,1.0,1.0,1.0,0.0,0.0,4.0,8.321064425618497
U00165,S00165,Referral,Tablet,West,0.0,0.0,0.0,0.0,0.0,1.0,23.65288818254755
U00166,S00166,Direct,Mobile,North,1.0,,1.0,1.0,1.0,0.0,27.064782410867494
U00167,S00167,Social,Tablet,East,1.0,1.0,1.0,0.0,0.0,4.0,15.384794824233422
U00168,S00168,Organic,Tablet,West,1.0,1.0,1.0,1.0,1.0,0.0,15.391934027856319
U00169,S00169,Paid,Mobile,South,1.0,0.0,0.0,0.0,0.0,2.0,9.779444931656258
U00170,S00170,Social,Desktop,North,1.0,1.0,1.0,0.0,0.0,4.0,37.275523199465766
U00171,S00171,Organic,Tablet,North,1.0,1.0,0.0,0.0,0.0,3.0,42.51408305592682
U00172,S00172,Referral,Mobile,West,1.0,1.0,0.0,,0.0,3.0,28.57507514939922
U00173,S00173,Direct,Tablet,South,1.0,1.0,1.0,0.0,0.0,4.0,23.26101405518711
U00174,S00174,Paid,Desktop,West,1.0,0.0,0.0,0.0,0.0,2.0,12.666114180349021
U00175,S00175,Referral,Desktop,South,1.0,1.0,0.0,0.0,0.0,3.0,44.51314743449068
U00176,S00176,Organic,Desktop,North,1.0,0.0,0.0,0.0,0.0,2.0,8.315788250973204
U00177,S00177,Organic,Tablet,West,,0.0,0.0,0.0,0.0,2.0,21.569483880059177
U00178,S00178,Referral,Mobile,East,1.0,0.0,0.0,0.0,0.0,2.0,10.242309863930132
U00179,S00179,Organic,Tablet,North,1.0,1.0,0.0,0.0,0.0,3.0,13.781289136260941
U00180,S00180,Organic,Tablet,South,1.0,1.0,1.0,0.0,0.0,4.0,14.944212791323409
U00181,S00181,,Mobile,North,1.0,1.0,1.0,0.0,0.0,4.0,7.776297313627144
U00182,S00182,,Tablet,South,1.0,0.0,0.0,0.0,0.0,2.0,19.517351609919654
U00183,S00183,Referral,Desktop,South,1.0,1.0,1.0,0.0,0.0,4.0,45.60879442635366
U00184,S00184,Direct,Tablet,North,1.0,1.0,1.0,1.0,1.0,0.0,19.416843220908614
U00185,S00185,Direct,Tablet,West,1.0,1.0,1.0,0.0,0.0,4.0,17.35670142979129
U00186,S00186,Organic,Desktop,East,1.0,0.0,0.0,0.0,0.0,2.0,15.272256313897083
U00187,S00187,Paid,Desktop,West,1.0,0.0,0.0,0.0,0.0,2.0,16.57023649078819
U00188,S00188,Organic,Mobile,South,1.0,0.0,0.0,0.0,0.0,2.0,5.4630034416260544
U00189,S00189,Social,Tablet,East,1.0,1.0,0.0,0.0,0.0,3.0,4.708537491912
U00190,S00190,Direct,Mobile,East,0.0,0.0,0.0,0.0,0.0,1.0,22.662218476245776
U00191,S00191,Referral,Desktop,South,1.0,1.0,1.0,0.0,0.0,4.0,44.10560244363787
U00192,S00192,Organic,Tablet,South,1.0,1.0,0.0,0.0,0.0,3.0,12.944957454245833
U00193,S00193,Organic,Tablet,North,1.0,1.0,0.0,0.0,0.0,3.0,30.86075364302449
U00194,S00194,Referral,Mobile,,1.0,1.0,1.0,0.0,,4.0,10.167344686997218
U00195,S00195,Organic,Desktop,South,1.0,1.0,0.0,0.0,0.0,3.0,11.38822415154169
U00196,S00196,Organic,Mobile,North,1.0,1.0,0.0,0.0,0.0,3.0,28.766882779178335
U00197,S00197,Organic,Tablet,South,1.0,1.0,0.0,0.0,0.0,3.0,6.658350248870542
U00198,S00198,Organic,Tablet,West,1.0,0.0,0.0,0.0,0.0,2.0,23.827800191300895
U00199,S00199,Referral,Desktop,East,1.0,1.0,0.0,0.0,0.0,3.0,10.87780396178929
,S00200,Referral,Mobile,West,1.0,1.0,0.0,0.0,0.0,3.0,13.282162351329593
